cluster,num_sequences,dominant_amr_class,purity,example_members
1,24,caa52372.1,100,"tr|A0A2D2AIB5|A0A2D2AIB5_HV1, tr|A0A2D2AIC1|A0A2D2AIC1_HV1, tr|A0A2D2AIC5|A0A2D2AIC5_HV1"
7,27,apb03222.1,100,"tr|C3TWB0|C3TWB0_HV1, tr|C3TWB1|C3TWB1_HV1, tr|C3TWB2|C3TWB2_HV1"
10,33,abv26705.1,100,"tr|A0A1B3B6V9|A0A1B3B6V9_9DELA, tr|A0A1L6KTB1|A0A1L6KTB1_9DELA, tr|A0A223PZZ5|A0A223PZZ5_9STL1"
14,36,apb03222.1,100,"tr|C3TVZ9|C3TVZ9_HV1, tr|C3TW00|C3TW00_HV1, tr|C3TW01|C3TW01_HV1"
15,52,apb03222.1,100,"tr|D1J6S3|D1J6S3_HV1, tr|D1J6S4|D1J6S4_HV1, tr|D1J6S6|D1J6S6_HV1"
16,140,caa52372.1,100,"tr|A0A161CH05|A0A161CH05_HV1, tr|A0A161HRM2|A0A161HRM2_HV1, tr|A0A161HRP6|A0A161HRP6_HV1"
18,67,caa52372.1,100,"tr|A0A2S1DEJ0|A0A2S1DEJ0_HV1, tr|A0A2S1DF52|A0A2S1DF52_HV1, tr|A0A2S1DFH0|A0A2S1DFH0_HV1"
26,21,caa52372.1,100,"tr|A0A173DX73|A0A173DX73_9PLVG, tr|A0A7S5WMR6|A0A7S5WMR6_9PLVG, tr|A0A8A0W668|A0A8A0W668_9PLVG"
34,31,caa52372.1,100,"tr|A0A096ZYM2|A0A096ZYM2_HV1, tr|A0A0U4DLI9|A0A0U4DLI9_HV1, tr|A0A8F9RCL3|A0A8F9RCL3_HV1"
38,38,caa52372.1,100,"tr|H6CTB9|H6CTB9_HV1, tr|H6CTI2|H6CTI2_HV1, tr|H6CTJ1|H6CTJ1_HV1"
39,36,caa52904.1,100,"tr|A0A023T4J8|A0A023T4J8_9REOV, tr|A0A0D5XR20|A0A0D5XR20_9REOV, tr|A0A0E3M110|A0A0E3M110_9REOV"
40,28,caa52372.1,100,"tr|A0A0U3MWJ1|A0A0U3MWJ1_HV1, tr|A0A0U3VBH5|A0A0U3VBH5_HV1, tr|A0A0U4D2T7|A0A0U4D2T7_HV1"
42,74,caa52372.1,100,"tr|A0A076U6E2|A0A076U6E2_HV1, tr|A0A076UDB7|A0A076UDB7_HV1, tr|A0A1L5K0G2|A0A1L5K0G2_HV1"
44,46,caa52372.1,100,"tr|A0A2C9PK63|A0A2C9PK63_HV1, tr|A0A2C9PK72|A0A2C9PK72_HV1, tr|A0A2C9PK73|A0A2C9PK73_HV1"
52,92,caa52904.1,100,"tr|A0A059P744|A0A059P744_9REOV, tr|A0A059P7C5|A0A059P7C5_9REOV, tr|A0A059P7E7|A0A059P7E7_9REOV"
62,31,aia35096.1,100,"tr|B0RK01|B0RK01_CHLTH, tr|B0RK02|B0RK02_CHLTH, tr|B0RK03|B0RK03_CHLTH"
63,23,abx54688.1,100,"tr|A0A1D9J3B8|A0A1D9J3B8_HV1, tr|A0A1D9J3C0|A0A1D9J3C0_HV1, tr|A0A1D9J3C3|A0A1D9J3C3_HV1"
66,44,caa54269.1,100,"tr|A0A2H4PJ77|A0A2H4PJ77_9ADEN, tr|A0A3Q9HJG9|A0A3Q9HJG9_9ADEN, tr|A0A3Q9HJI7|A0A3Q9HJI7_9ADEN"
70,48,aaf36804.1,100,"tr|A0A2L1KW57|A0A2L1KW57_HV1, tr|A0A3G5MZE6|A0A3G5MZE6_HV1, tr|A0A3G5QCE2|A0A3G5QCE2_HV1"
71,27,caa52904.1,100,"tr|A0A2Z4XEC0|A0A2Z4XEC0_9REOV, tr|A0A2Z4XEG8|A0A2Z4XEG8_9REOV, tr|A0A6F8PF52|A0A6F8PF52_9REOV"
74,52,aaq63644.1,100,"tr|A0A1C9HKV1|A0A1C9HKV1_HV1, tr|A0A1C9HKV8|A0A1C9HKV8_HV1, tr|A0A1C9HKX6|A0A1C9HKX6_HV1"
80,94,caa52372.1,100,"tr|A0A142FIV6|A0A142FIV6_HV1, tr|A0A3G5PBE2|A0A3G5PBE2_HV1, tr|A0A3G5PC57|A0A3G5PC57_HV1"
83,39,caa52904.1,100,"tr|A0A0A7DZB7|A0A0A7DZB7_9REOV, tr|A0A0D4BM36|A0A0D4BM36_9REOV, tr|A0A169Q8F6|A0A169Q8F6_9REOV"
84,72,caa52372.1,100,"tr|A0A0X8ICD1|A0A0X8ICD1_9PLVG, tr|A0A0X8ICE2|A0A0X8ICE2_9PLVG, tr|A0A0X8ICG1|A0A0X8ICG1_9PLVG"
85,23,caa52372.1,100,"tr|A0A0X8ID97|A0A0X8ID97_9PLVG, tr|A0A0X8IDF0|A0A0X8IDF0_9PLVG, tr|A0A0X8IDH5|A0A0X8IDH5_9PLVG"
86,26,caa52372.1,100,"tr|A0A410SSG7|A0A410SSG7_HV1, tr|A0A410SSP0|A0A410SSP0_HV1, tr|A0A410SSQ6|A0A410SSQ6_HV1"
95,22,aaf36804.1,100,"tr|A0A6M4F9R1|A0A6M4F9R1_HV1, tr|D5HV70|D5HV70_HV1, tr|D5HVB9|D5HVB9_HV1"
98,23,caa52372.1,100,"tr|A0A410JD55|A0A410JD55_HV1, tr|A0A410JD59|A0A410JD59_HV1, tr|A0A410JD79|A0A410JD79_HV1"
102,28,caa52372.1,100,"tr|A0A346QT68|A0A346QT68_HV1, tr|A0A346QT75|A0A346QT75_HV1, tr|A0A346QT77|A0A346QT77_HV1"
105,23,caa52372.1,100,"tr|Q9PX37|Q9PX37_HV1, tr|Q9PX46|Q9PX46_HV1, tr|Q9QMF4|Q9QMF4_HV1"
106,33,aaf36804.1,100,"tr|M1K5W8|M1K5W8_HV1, tr|M1K5Z6|M1K5Z6_HV1, tr|M1K653|M1K653_HV1"
110,81,aag07106.1,100,"tr|A0A0K1H8U7|A0A0K1H8U7_HV1, tr|A0A3G5PKI6|A0A3G5PKI6_HV1, tr|A0A3G5PL82|A0A3G5PL82_HV1"
111,58,caa52372.1,100,"tr|A0A0C5KL94|A0A0C5KL94_HV1, tr|A0A0E3E832|A0A0E3E832_HV1, tr|A0A0K1HBW9|A0A0K1HBW9_HV1"
112,25,aaf36804.1,100,"tr|M4USF9|M4USF9_HV1, tr|M4USK5|M4USK5_HV1, tr|M4USL9|M4USL9_HV1"
114,21,caa52372.1,100,"tr|A0A6H0JTC9|A0A6H0JTC9_HV1, tr|A0A6H0JTF7|A0A6H0JTF7_HV1, tr|A0A6H0JTH4|A0A6H0JTH4_HV1"
115,22,caa52904.1,100,"tr|A0A059P753|A0A059P753_9REOV, tr|A0A059P781|A0A059P781_9REOV, tr|F5C4L5|F5C4L5_9REOV"
123,45,caa52372.1,100,"tr|A0A0K1HBP1|A0A0K1HBP1_HV1, tr|A0A0K1HC20|A0A0K1HC20_HV1, tr|A0A0K1HC31|A0A0K1HC31_HV1"
127,34,caa52372.1,100,"tr|A0A7G8P697|A0A7G8P697_HV1, tr|A0A7G8P6A5|A0A7G8P6A5_HV1, tr|A0A7G8P6B4|A0A7G8P6B4_HV1"
129,86,caa52904.1,100,"tr|A0A059P740|A0A059P740_9REOV, tr|A0A059P748|A0A059P748_9REOV, tr|A0A059P776|A0A059P776_9REOV"
130,34,aaa65957.1,100,"tr|A0A059VJI9|A0A059VJI9_HPV18, tr|A0A088S6B3|A0A088S6B3_HPV18, tr|A0A0K2GND5|A0A0K2GND5_HPV18"
135,23,caa54269.1,100,"tr|A0A097I4T3|A0A097I4T3_9ADEN, tr|A0A0K2S308|A0A0K2S308_9ADEN, tr|A0A1Y1BWB0|A0A1Y1BWB0_9ADEN"
136,63,caa54269.1,100,"tr|A0A075TZT1|A0A075TZT1_9ADEN, tr|A0A0G2UVN4|A0A0G2UVN4_9ADEN, tr|A0A1J0MS81|A0A1J0MS81_9ADEN"
137,41,caa52372.1,100,"tr|A0A060F4D6|A0A060F4D6_HV1, tr|A0A060F4E1|A0A060F4E1_HV1, tr|A0A060F4E5|A0A060F4E5_HV1"
140,25,aia35096.1,100,"tr|B0RK28|B0RK28_CHLTH, tr|B0RK29|B0RK29_CHLTH, tr|B0RK30|B0RK30_CHLTH"
141,46,caa52372.1,100,"tr|A0A2I6U380|A0A2I6U380_HV1, tr|A0A2I6U390|A0A2I6U390_HV1, tr|A0A2I6U397|A0A2I6U397_HV1"
147,56,caa52904.1,100,"tr|A0A059P755|A0A059P755_9REOV, tr|A0A059P7C9|A0A059P7C9_9REOV, tr|A0A059P7D2|A0A059P7D2_9REOV"
148,80,caa52904.1,100,"tr|A0A059P737|A0A059P737_9REOV, tr|A0A059P766|A0A059P766_9REOV, tr|A0A0B4U1B6|A0A0B4U1B6_9REOV"
152,30,caa52372.1,100,"tr|A0A0X8ICB3|A0A0X8ICB3_9PLVG, tr|A0A0X8ICH7|A0A0X8ICH7_9PLVG, tr|A0A0X8ID93|A0A0X8ID93_9PLVG"
157,50,caa52372.1,100,"tr|A0A6M6APJ0|A0A6M6APJ0_HV1, tr|A0A6M6APP1|A0A6M6APP1_HV1, tr|A0A6M6APS1|A0A6M6APS1_HV1"
162,123,caa52372.1,100,"tr|A0A3G5MYQ6|A0A3G5MYQ6_HV1, tr|A0A3G5MYU2|A0A3G5MYU2_HV1, tr|A0A3G5MZ96|A0A3G5MZ96_HV1"
163,57,caa52372.1,100,"tr|A0A0B5LCB4|A0A0B5LCB4_HV1, tr|A0A3G2Y3Y4|A0A3G2Y3Y4_HV1, tr|A0A3G5QF66|A0A3G5QF66_HV1"
177,22,caa52904.1,100,"tr|A0A1W7HFW6|A0A1W7HFW6_9REOV, tr|A0A220XIC5|A0A220XIC5_9REOV, tr|A0A250KC22|A0A250KC22_9REOV"
178,171,caa52904.1,100,"tr|A0A024CDG4|A0A024CDG4_9REOV, tr|A0A059P729|A0A059P729_9REOV, tr|A0A059P743|A0A059P743_9REOV"
181,23,aaa65957.1,100,"tr|A0A516F0F1|A0A516F0F1_HPV39, tr|A0A7G2A452|A0A7G2A452_HPV68, sp|P24835|VE6_HPV39"
182,28,caa52372.1,100,"tr|H6D1C9|H6D1C9_HV1, tr|H6D1H3|H6D1H3_HV1, tr|H6D1J1|H6D1J1_HV1"
195,51,caa52372.1,100,"tr|A0A7L9QIM0|A0A7L9QIM0_HV1, tr|A0A887EUG6|A0A887EUG6_HV1, tr|A0A887EUP3|A0A887EUP3_HV1"
198,37,aag07106.1,100,"tr|A0A1S5RJ20|A0A1S5RJ20_HV1, tr|A0A1S5RJN1|A0A1S5RJN1_HV1, tr|A0A1V0CQD8|A0A1V0CQD8_HV1"
200,33,caa52372.1,100,"tr|A0A343FN51|A0A343FN51_HV1, tr|A0A343FN67|A0A343FN67_HV1, tr|A0A343FN83|A0A343FN83_HV1"
204,21,caa52372.1,100,"tr|A0A096ZYA9|A0A096ZYA9_HV1, tr|A0A8F9RCZ5|A0A8F9RCZ5_HV1, tr|A0A8F9RD00|A0A8F9RD00_HV1"
205,24,caa52372.1,100,"tr|A0A166XSH1|A0A166XSH1_HV1, tr|A0A2U9Q5F1|A0A2U9Q5F1_HV1, tr|A0A481YD65|A0A481YD65_HV1"
206,83,caa52372.1,100,"tr|A0A161HRK5|A0A161HRK5_HV1, tr|A0A166XHK5|A0A166XHK5_HV1, tr|A0A166XHQ9|A0A166XHQ9_HV1"
208,29,caa52372.1,100,"tr|A0A142FIF1|A0A142FIF1_HV1, tr|A0A142FIF2|A0A142FIF2_HV1, tr|A0A2S1ECD0|A0A2S1ECD0_HV1"
223,21,caa52372.1,100,"tr|H6CW09|H6CW09_HV1, tr|H6CW72|H6CW72_HV1, tr|H6CWA4|H6CWA4_HV1"
231,57,caa52372.1,100,"tr|A0A286LH73|A0A286LH73_HV1, tr|A0A3G5P3A9|A0A3G5P3A9_HV1, tr|A0A3G5P427|A0A3G5P427_HV1"
232,31,caa52372.1,100,"tr|A0A3G5P9R7|A0A3G5P9R7_HV1, tr|A0A3G5P9S6|A0A3G5P9S6_HV1, tr|A0A3G5P9W7|A0A3G5P9W7_HV1"
237,36,caa52372.1,100,"tr|A0A3G5MZ93|A0A3G5MZ93_HV1, tr|A0A3G5MZF8|A0A3G5MZF8_HV1, tr|A0A3G5N1R3|A0A3G5N1R3_HV1"
246,23,caa52372.1,100,"tr|A0A2P1DQ21|A0A2P1DQ21_9PLVG, tr|A0A2P1DQ29|A0A2P1DQ29_9PLVG, tr|A0A2P1DQ39|A0A2P1DQ39_9PLVG"
248,57,caa52372.1,100,"tr|A0A0B5LCZ1|A0A0B5LCZ1_HV1, tr|A0A6M6ARU4|A0A6M6ARU4_HV1, tr|A0A6M6ARW0|A0A6M6ARW0_HV1"
255,118,aag07106.1,100,"tr|A0A0A6ZKQ0|A0A0A6ZKQ0_HV1, tr|A0A1L7DSK9|A0A1L7DSK9_HV1, tr|A0A1L7DSV7|A0A1L7DSV7_HV1"
257,63,aaf36804.1,100,"tr|M1KXD4|M1KXD4_HV1, tr|M4NRD4|M4NRD4_HV1, tr|M4NRN9|M4NRN9_HV1"
258,33,caa52372.1,100,"tr|A0A2L1KW54|A0A2L1KW54_HV1, tr|A0A7L9QRD0|A0A7L9QRD0_HV1, tr|A0A7L9QRF0|A0A7L9QRF0_HV1"
259,29,caa52372.1,100,"tr|A0A6H0JUE5|A0A6H0JUE5_HV1, tr|A0A6H0JUF8|A0A6H0JUF8_HV1, tr|A0A6H0JUG5|A0A6H0JUG5_HV1"
260,37,caa52372.1,100,"tr|A0A2S1DV68|A0A2S1DV68_HV1, tr|A0A2S1DVU4|A0A2S1DVU4_HV1, tr|A0A2S1DX14|A0A2S1DX14_HV1"
261,156,caa52372.1,100,"tr|A0A075Q9L1|A0A075Q9L1_HV1, tr|A0A075QBW3|A0A075QBW3_HV1, tr|A0A075QCL3|A0A075QCL3_HV1"
264,34,aaf36804.1,100,"tr|A0A1S5RIX0|A0A1S5RIX0_HV1, tr|A0A1S5RJ25|A0A1S5RJ25_HV1, tr|A0A1S5RJB8|A0A1S5RJB8_HV1"
265,27,aaf36804.1,100,"tr|A0A1L4AN17|A0A1L4AN17_HV1, tr|A0A1S5RIZ1|A0A1S5RIZ1_HV1, tr|A0A1S5RJC6|A0A1S5RJC6_HV1"
266,20,caa52372.1,100,"tr|A0A0U4DFR2|A0A0U4DFR2_HV1, tr|A0A1P8DGV1|A0A1P8DGV1_HV1, tr|A0A3G5ND08|A0A3G5ND08_HV1"
267,41,caa52372.1,100,"tr|A0A075Q5Q8|A0A075Q5Q8_HV1, tr|A0A076UDE5|A0A076UDE5_HV1, tr|A0A088LIC1|A0A088LIC1_HV1"
268,22,caa52372.1,100,"tr|A0A068LGK1|A0A068LGK1_HV1, tr|A0A068LGW7|A0A068LGW7_HV1, tr|A0A068LHC3|A0A068LHC3_HV1"
275,2663,caa52372.1,100,"tr|A0A059SQR5|A0A059SQR5_HV1, tr|A0A059WBL3|A0A059WBL3_HV1, tr|A0A059WGK6|A0A059WGK6_HV1"
276,20,caa52372.1,100,"tr|A0A4D6T987|A0A4D6T987_HV1, tr|A0A4D6TBB4|A0A4D6TBB4_HV1, tr|A0A4D6TE84|A0A4D6TE84_HV1"
281,70,caa52372.1,100,"tr|A0A059SQG0|A0A059SQG0_HV1, tr|A0A1S6Q254|A0A1S6Q254_HV1, tr|A0A286LHF1|A0A286LHF1_HV1"
283,40,abx54688.1,100,"tr|A0A2U9Q5A3|A0A2U9Q5A3_HV1, tr|A0A2U9Q5H1|A0A2U9Q5H1_HV1, tr|A0A2U9Q5H5|A0A2U9Q5H5_HV1"
285,32,aaf36804.1,100,"tr|A0A0B5L8A7|A0A0B5L8A7_HV1, tr|A0A0K2DPJ5|A0A0K2DPJ5_HV1, tr|A0A0K2DPR4|A0A0K2DPR4_HV1"
286,33,caa52372.1,100,"tr|A0A0K2DN75|A0A0K2DN75_HV1, tr|A0A0K2DNG5|A0A0K2DNG5_HV1, tr|A0A0K2DNK4|A0A0K2DNK4_HV1"
287,23,caa52372.1,100,"tr|A0A1L7DV06|A0A1L7DV06_HV1, tr|A0A1L7DV20|A0A1L7DV20_HV1, tr|A0A1L7DV74|A0A1L7DV74_HV1"
290,65,caa52372.1,100,"tr|A0A3G5N032|A0A3G5N032_HV1, tr|A0A3G5N123|A0A3G5N123_HV1, tr|A0A3G5N234|A0A3G5N234_HV1"
293,20,caa52372.1,100,"tr|A0A140ECL7|A0A140ECL7_HV1, tr|A0A1B1V2Z4|A0A1B1V2Z4_HV1, tr|A0A2S1EAB1|A0A2S1EAB1_HV1"
296,21,caa52372.1,100,"tr|A0A6H0YW83|A0A6H0YW83_HV1, tr|A0A6H0YWG3|A0A6H0YWG3_HV1, tr|A0A6H0YWH7|A0A6H0YWH7_HV1"
297,31,caa52372.1,100,"tr|A0A0H3V203|A0A0H3V203_HV1, tr|A0A0H3V229|A0A0H3V229_HV1, tr|A0A0H3V268|A0A0H3V268_HV1"
299,36,caa52372.1,100,"tr|A0A088LIG5|A0A088LIG5_HV1, tr|A0A088LMX8|A0A088LMX8_HV1, tr|A0A1P8DGD5|A0A1P8DGD5_HV1"
300,59,caa52372.1,100,"tr|A0A075QF18|A0A075QF18_HV1, tr|A0A0B5L0F5|A0A0B5L0F5_HV1, tr|A0A0C5KLN0|A0A0C5KLN0_HV1"
302,54,caa52372.1,100,"tr|A0A075QC94|A0A075QC94_HV1, tr|A0A075QC98|A0A075QC98_HV1, tr|A0A075QCM5|A0A075QCM5_HV1"
303,74,caa52372.1,100,"tr|A0A059SQQ4|A0A059SQQ4_HV1, tr|A0A0A6ZKV7|A0A0A6ZKV7_HV1, tr|A0A0K2DMW0|A0A0K2DMW0_HV1"
311,27,caa52372.1,100,"tr|A0A142FI26|A0A142FI26_HV1, tr|A0A142FI29|A0A142FI29_HV1, tr|A0A142FI30|A0A142FI30_HV1"
313,95,caa52372.1,100,"tr|A0A0H4LE40|A0A0H4LE40_HV1, tr|A0A0H4LFZ2|A0A0H4LFZ2_HV1, tr|A0A0K1RFA8|A0A0K1RFA8_HV1"
314,233,caa52372.1,100,"tr|A0A0B5GD71|A0A0B5GD71_HV1, tr|A0A0B5KVU7|A0A0B5KVU7_HV1, tr|A0A0C5K0H0|A0A0C5K0H0_HV1"
315,36,caa52372.1,100,"tr|A0A1W6IHZ8|A0A1W6IHZ8_HV1, tr|A0A1W6IID8|A0A1W6IID8_HV1, tr|A0A1W6IIL0|A0A1W6IIL0_HV1"
317,20,aaf36804.1,100,"tr|A0A0K1H8S1|A0A0K1H8S1_HV1, tr|I7EPP5|I7EPP5_HV1, tr|I7FHX8|I7FHX8_HV1"
319,29,caa52372.1,100,"tr|A0A0K2GRM3|A0A0K2GRM3_HV1, tr|A0A3S5GPF1|A0A3S5GPF1_HV1, tr|A0A3S7TFD3|A0A3S7TFD3_HV1"
322,35,caa52372.1,100,"tr|A0A0K2DNV8|A0A0K2DNV8_HV1, tr|A0A0K2DP05|A0A0K2DP05_HV1, tr|A0A0K2DP77|A0A0K2DP77_HV1"
325,29,caa52372.1,100,"tr|A0A0A6ZKJ8|A0A0A6ZKJ8_HV1, tr|A0A0F7LFN5|A0A0F7LFN5_HV1, tr|A0A0U4EFK3|A0A0U4EFK3_HV1"
327,102,caa52372.1,100,"tr|A0A059SQC6|A0A059SQC6_HV1, tr|A0A060H258|A0A060H258_HV1, tr|A0A075E0M8|A0A075E0M8_HV1"
328,55,caa52372.1,100,"tr|A0A059SQA7|A0A059SQA7_HV1, tr|A0A059SRS5|A0A059SRS5_HV1, tr|A0A0E3E904|A0A0E3E904_HV1"
334,22,caa52372.1,100,"tr|M4UUG1|M4UUG1_HV1, tr|M4UV78|M4UV78_HV1, tr|M4UX37|M4UX37_HV1"
336,22,caa52372.1,100,"tr|A0A075QCU4|A0A075QCU4_HV1, tr|A0A088LJ17|A0A088LJ17_HV1, tr|A0A4Y5LBD0|A0A4Y5LBD0_HV1"
339,23,aaf36804.1,100,"tr|A0A142D927|A0A142D927_HV1, tr|A0A6M4F189|A0A6M4F189_HV1, tr|A0A6M4F1J4|A0A6M4F1J4_HV1"
340,75,caa52372.1,100,"tr|A0A076U8K8|A0A076U8K8_HV1, tr|A0A1L7DXZ5|A0A1L7DXZ5_HV1, tr|A0A1L7DY36|A0A1L7DY36_HV1"
342,99,caa52372.1,100,"tr|A0A0H4LEI5|A0A0H4LEI5_HV1, tr|A0A0M4ALX4|A0A0M4ALX4_HV1, tr|A0A1D8QKW9|A0A1D8QKW9_HV1"
365,27,aaf36804.1,100,"tr|A0A0B5L5Z8|A0A0B5L5Z8_HV1, tr|A0A0K2DPB8|A0A0K2DPB8_HV1, tr|A0A1P8DH05|A0A1P8DH05_HV1"
371,25,caa52372.1,100,"tr|A0A075QA65|A0A075QA65_HV1, tr|A0A075QFH5|A0A075QFH5_HV1, tr|A0A088LIY6|A0A088LIY6_HV1"
373,21,aaf36804.1,100,"tr|A0A0K1H9K7|A0A0K1H9K7_HV1, tr|A0A142D8X9|A0A142D8X9_HV1, tr|A0A142D8Y2|A0A142D8Y2_HV1"
374,21,caa52372.1,100,"tr|A0A088LIT2|A0A088LIT2_HV1, tr|A0A0H4LFY8|A0A0H4LFY8_HV1, tr|A0A3G5NH79|A0A3G5NH79_HV1"
379,62,aaf36804.1,100,"tr|A0A0K2DLD5|A0A0K2DLD5_HV1, tr|A0A0K2DLQ2|A0A0K2DLQ2_HV1, tr|A0A0K2DLV2|A0A0K2DLV2_HV1"
380,217,aaf36804.1,100,"tr|A0A059VQI4|A0A059VQI4_HV1, tr|A0A059VQR9|A0A059VQR9_HV1, tr|A0A060GVS0|A0A060GVS0_HV1"
383,22,caa52372.1,100,"tr|A0A0K1H9T0|A0A0K1H9T0_HV1, tr|C7TQ92|C7TQ92_HV1, tr|C7TQ98|C7TQ98_HV1"
385,117,caa52372.1,100,"tr|A0A075QC51|A0A075QC51_HV1, tr|A0A075QJC6|A0A075QJC6_HV1, tr|A0A1L7DT30|A0A1L7DT30_HV1"
386,36,caa52372.1,100,"tr|A0A1L7DT76|A0A1L7DT76_HV1, tr|A0A1L7DUZ3|A0A1L7DUZ3_HV1, tr|A0A1L7E0A5|A0A1L7E0A5_HV1"
392,26,caa52372.1,100,"tr|A0A075QD03|A0A075QD03_HV1, tr|A0A075QK66|A0A075QK66_HV1, tr|A0A088LVL3|A0A088LVL3_HV1"
394,25,caa52372.1,100,"tr|A0A0G2UKJ8|A0A0G2UKJ8_HV1, tr|A0A286LGZ0|A0A286LGZ0_HV1, tr|A0A499T1A2|A0A499T1A2_HV1"
398,69,caa52372.1,100,"tr|A0A088LVR1|A0A088LVR1_HV1, tr|A0A0K1YW06|A0A0K1YW06_HV1, tr|A0A1L4AMM6|A0A1L4AMM6_HV1"
402,47,caa52372.1,100,"tr|Q00DU9|Q00DU9_HV1, tr|Q00DV1|Q00DV1_HV1, tr|Q00DV2|Q00DV2_HV1"
404,27,caz48628.1,100,"tr|A0A0B5GC10|A0A0B5GC10_HV1, tr|A0A0B5GC16|A0A0B5GC16_HV1, tr|A0A0B5GC26|A0A0B5GC26_HV1"
405,79,caa52372.1,100,"tr|A0A096ZYJ2|A0A096ZYJ2_HV1, tr|A0A096ZYQ8|A0A096ZYQ8_HV1, tr|A0A0K1HC80|A0A0K1HC80_HV1"
406,38,caa52372.1,100,"tr|A0A088LVZ3|A0A088LVZ3_HV1, tr|A0A0B5KW11|A0A0B5KW11_HV1, tr|A0A0K1H980|A0A0K1H980_HV1"
407,90,caa52372.1,100,"tr|A0A075QD26|A0A075QD26_HV1, tr|A0A075QK89|A0A075QK89_HV1, tr|A0A088LID0|A0A088LID0_HV1"
409,33,caa52372.1,100,"tr|A0A075QB87|A0A075QB87_HV1, tr|A0A088LJG9|A0A088LJG9_HV1, tr|A0A088LJK1|A0A088LJK1_HV1"
411,46,caa52372.1,100,"tr|A0A088LJM2|A0A088LJM2_HV1, tr|A0A2S1D7N8|A0A2S1D7N8_HV1, tr|A0A2S1D8C4|A0A2S1D8C4_HV1"
414,51,caa52372.1,100,"tr|A0A088LJG3|A0A088LJG3_HV1, tr|A0A088LJI9|A0A088LJI9_HV1, tr|A0A088LJU4|A0A088LJU4_HV1"
421,33,caa52372.1,100,"tr|A0A075Q9G2|A0A075Q9G2_HV1, tr|A0A075Q9J7|A0A075Q9J7_HV1, tr|A0A075QEQ3|A0A075QEQ3_HV1"
432,39,caz48628.1,100,"tr|A0A0B5GB06|A0A0B5GB06_HV1, tr|A0A0B5GB13|A0A0B5GB13_HV1, tr|A0A0B5GB31|A0A0B5GB31_HV1"
435,23,caa52372.1,100,"tr|A0A088LIN1|A0A088LIN1_HV1, tr|A0A088LIX3|A0A088LIX3_HV1, tr|A0A088LJQ0|A0A088LJQ0_HV1"
436,22,caa52372.1,100,"tr|A0A0U4D341|A0A0U4D341_HV1, tr|A0A142FIQ2|A0A142FIQ2_HV1, tr|A0A142FIQ6|A0A142FIQ6_HV1"
439,33,caa52372.1,100,"tr|A0A3S7RJU6|A0A3S7RJU6_HV1, tr|A0A6M6ANI6|A0A6M6ANI6_HV1, tr|A0A6M6ANM3|A0A6M6ANM3_HV1"
449,43,caa52372.1,100,"tr|A0A075QA18|A0A075QA18_HV1, tr|A0A075QB20|A0A075QB20_HV1, tr|A0A075QD53|A0A075QD53_HV1"
452,23,caa52372.1,100,"tr|A0A075QBT1|A0A075QBT1_HV1, tr|A0A0H3YC46|A0A0H3YC46_HV1, tr|A0A1P8DGZ2|A0A1P8DGZ2_HV1"
454,24,caa52372.1,100,"tr|A0A075QDW3|A0A075QDW3_HV1, tr|A0A075QEG9|A0A075QEG9_HV1, tr|A0A075QJG9|A0A075QJG9_HV1"
455,74,caa52372.1,100,"tr|A0A068EXT6|A0A068EXT6_HV1, tr|A0A075Q9E6|A0A075Q9E6_HV1, tr|A0A075QC11|A0A075QC11_HV1"
461,36,caa52372.1,100,"tr|A0A0K1HCE7|A0A0K1HCE7_HV1, tr|A0A0K1HCR9|A0A0K1HCR9_HV1, tr|A0A142J5C8|A0A142J5C8_HV1"
462,133,caa52372.1,100,"tr|A0A076U9S6|A0A076U9S6_HV1, tr|A0A076UDM1|A0A076UDM1_HV1, tr|A0A088LIQ1|A0A088LIQ1_HV1"
463,55,caa52372.1,100,"tr|A0A076U6R9|A0A076U6R9_HV1, tr|A0A248X9F0|A0A248X9F0_HV1, tr|A0A248X9I0|A0A248X9I0_HV1"
464,45,caa52372.1,100,"tr|A0A076U6F4|A0A076U6F4_HV1, tr|A0A076U8Y7|A0A076U8Y7_HV1, tr|A0A076UA55|A0A076UA55_HV1"
465,27,caa52372.1,100,"tr|A0A2I6UEY8|A0A2I6UEY8_HV1, tr|A0ETT9|A0ETT9_HV1, tr|C4N9N1|C4N9N1_HV1"
466,30,caa52372.1,100,"tr|A0A075QDN9|A0A075QDN9_HV1, tr|A0A076U856|A0A076U856_HV1, tr|A0A096ZYJ5|A0A096ZYJ5_HV1"
467,61,caa52372.1,100,"tr|A0A076V518|A0A076V518_HV1, tr|A0A1L7DT15|A0A1L7DT15_HV1, tr|A0A1L7DT41|A0A1L7DT41_HV1"
468,49,caa52372.1,100,"tr|A0A192ZH15|A0A192ZH15_HV1, tr|A0A192ZHJ2|A0A192ZHJ2_HV1, tr|A0A410T2Y6|A0A410T2Y6_HV1"
469,20,caa52372.1,100,"tr|A0A410T3V3|A0A410T3V3_HV1, tr|A0EV50|A0EV50_HV1, tr|A9UBY2|A9UBY2_HV1"
472,38,caa52372.1,100,"tr|A0A192ZH02|A0A192ZH02_HV1, tr|A0A192ZHV5|A0A192ZHV5_HV1, tr|A0A1L4ANF7|A0A1L4ANF7_HV1"
326,752,caa52372.1,99.73404255,"tr|A0A023HIB6|A0A023HIB6_HV1, tr|A0A023HIT3|A0A023HIT3_HV1, tr|A0A059VQT2|A0A059VQT2_HV1"
356,520,aaf36804.1,99.61538462,"tr|A0A059SRM1|A0A059SRM1_HV1, tr|A0A0B5KVY7|A0A0B5KVY7_HV1, tr|A0A0B5LCY0|A0A0B5LCY0_HV1"
69,227,aaf36804.1,99.55947137,"tr|A0A0B5L0H1|A0A0B5L0H1_HV1, tr|A0A1L4AN13|A0A1L4AN13_HV1, tr|A0A1S5RJ17|A0A1S5RJ17_HV1"
324,1171,caa52372.1,99.48761742,"tr|A0A059SQC0|A0A059SQC0_HV1, tr|A0A059SQG6|A0A059SQG6_HV1, tr|A0A059SQL9|A0A059SQL9_HV1"
117,124,caa52372.1,99.19354839,"tr|A0A0K1H6I2|A0A0K1H6I2_HV1, tr|A0A0K1H991|A0A0K1H991_HV1, tr|A0A0K1H9A5|A0A0K1H9A5_HV1"
272,475,caa52372.1,99.15789474,"tr|A0A068LGJ2|A0A068LGJ2_HV1, tr|A0A068LGV8|A0A068LGV8_HV1, tr|A0A068LJ10|A0A068LJ10_HV1"
256,118,aag07106.1,99.15254237,"tr|A0A0K1H6Y0|A0A0K1H6Y0_HV1, tr|A0A1P8DFG6|A0A1P8DFG6_HV1, tr|A0A3G5N237|A0A3G5N237_HV1"
132,89,caa52904.1,98.87640449,"tr|A0A455R4G8|A0A455R4G8_9REOV, tr|A0A455RKR5|A0A455RKR5_9REOV, tr|A0A7G3WGJ4|A0A7G3WGJ4_9REOV"
453,85,caa52372.1,98.82352941,"tr|A0A075Q9H8|A0A075Q9H8_HV1, tr|A0A075QCJ8|A0A075QCJ8_HV1, tr|A0A075QDC3|A0A075QDC3_HV1"
375,83,caa52372.1,98.79518072,"tr|A0A1W6IFV7|A0A1W6IFV7_HV1, tr|A0A1W6IGD6|A0A1W6IGD6_HV1, tr|A0A1W6IGG1|A0A1W6IGG1_HV1"
35,77,caa52372.1,98.7012987,"tr|A0A3G5Q4Y0|A0A3G5Q4Y0_HV1, tr|A0A3G5Q5B3|A0A3G5Q5B3_HV1, tr|A0A3G5Q5C3|A0A3G5Q5C3_HV1"
424,145,caa52372.1,98.62068966,"tr|A0A059SQE7|A0A059SQE7_HV1, tr|A0A059SQN2|A0A059SQN2_HV1, tr|A0A059SQR2|A0A059SQR2_HV1"
351,60,caa52372.1,98.33333333,"tr|A0A075Q968|A0A075Q968_HV1, tr|A0A075QBI8|A0A075QBI8_HV1, tr|A0A075QC75|A0A075QC75_HV1"
368,110,aaf36804.1,98.18181818,"tr|A0A059SQP8|A0A059SQP8_HV1, tr|A0A0A0P1I8|A0A0A0P1I8_HV1, tr|A0A0A0P2B7|A0A0A0P2B7_HV1"
396,54,caa52372.1,98.14814815,"tr|A0A248XB64|A0A248XB64_HV1, tr|A0A248XB73|A0A248XB73_HV1, tr|A0A248XB76|A0A248XB76_HV1"
222,51,caa52372.1,98.03921569,"tr|A0EU38|A0EU38_HV1, tr|C8C973|C8C973_HV1, tr|H6CTC3|H6CTC3_HV1"
316,48,aaf36804.1,97.91666667,"tr|A0A0K2DMK1|A0A0K2DMK1_HV1, tr|A0A0K2DMM4|A0A0K2DMM4_HV1, tr|A0A0M4AUG6|A0A0M4AUG6_HV1"
437,48,caa52372.1,97.91666667,"tr|A0A088LVT3|A0A088LVT3_HV1, tr|A0A0A6ZLF2|A0A0A6ZLF2_HV1, tr|A0A0B5L924|A0A0B5L924_HV1"
146,45,caa52372.1,97.77777778,"tr|A0A096ZYL2|A0A096ZYL2_HV1, tr|A0A4D6T8Y6|A0A4D6T8Y6_HV1, tr|A0A4D6T968|A0A4D6T968_HV1"
243,45,caa52372.1,97.77777778,"tr|A0A3G5MYM2|A0A3G5MYM2_HV1, tr|A0A3G5MYU8|A0A3G5MYU8_HV1, tr|A0A3G5MZ24|A0A3G5MZ24_HV1"
459,45,caa52372.1,97.77777778,"tr|A0A0B5GB69|A0A0B5GB69_HV1, tr|A0A0B5GB74|A0A0B5GB74_HV1, tr|A0A0B5GEJ6|A0A0B5GEJ6_HV1"
19,86,apb03222.1,97.6744186,"tr|C3TW29|C3TW29_HV1, tr|C3TW66|C3TW66_HV1, tr|C3TW67|C3TW67_HV1"
292,122,caa52372.1,97.54098361,"tr|A0A076V5D8|A0A076V5D8_HV1, tr|A0A0B5KPZ3|A0A0B5KPZ3_HV1, tr|A0A0B5KS20|A0A0B5KS20_HV1"
305,122,caa52372.1,97.54098361,"tr|A0A076V4H6|A0A076V4H6_HV1, tr|A0A089Q991|A0A089Q991_HV1, tr|A0A0B5KZW2|A0A0B5KZW2_HV1"
250,80,caa52372.1,97.5,"tr|A0A1B1V333|A0A1B1V333_HV1, tr|A0A1X9QG16|A0A1X9QG16_HV1, tr|A0A248SM76|A0A248SM76_HV1"
107,38,caa52372.1,97.36842105,"tr|H6CZH4|H6CZH4_HV1, tr|H6CZJ2|H6CZJ2_HV1, tr|H6CZK1|H6CZK1_HV1"
310,38,aaf36804.1,97.36842105,"tr|A0A140ECZ6|A0A140ECZ6_HV1, tr|A0A142D9B2|A0A142D9B2_HV1, tr|A0A1P8DGR9|A0A1P8DGR9_HV1"
242,36,caa52372.1,97.22222222,"tr|A0A1W2PPE9|A0A1W2PPE9_HUMAN, tr|A0A3G5QCS9|A0A3G5QCS9_HV1, tr|A0A3G5QDT3|A0A3G5QDT3_HV1"
193,61,caa52372.1,96.72131148,"tr|A0A076UA50|A0A076UA50_HV1, tr|A0A8F9RBZ9|A0A8F9RBZ9_HV1, tr|A0A8F9RC07|A0A8F9RC07_HV1"
9,118,abv26705.1,96.61016949,"tr|A0A077KBD4|A0A077KBD4_9DELA, tr|A0A1D8I0W7|A0A1D8I0W7_9DELA, tr|A0A1D8I0X4|A0A1D8I0X4_9DELA"
378,29,caa52372.1,96.55172414,"tr|A0A076V6J8|A0A076V6J8_HV1, tr|A0A0K2DMQ8|A0A0K2DMQ8_HV1, tr|B0FFX6|B0FFX6_HV1"
138,200,caa52372.1,96.5,"tr|A0A068B5S5|A0A068B5S5_HV1, tr|A0A0H4LYQ9|A0A0H4LYQ9_HV1, tr|A0A0K0PRZ7|A0A0K0PRZ7_HV1"
11,28,caz48628.1,96.42857143,"tr|A0A2D2AIC7|A0A2D2AIC7_HV1, tr|A0A2D2AIC9|A0A2D2AIC9_HV1, tr|A0A2D2AID0|A0A2D2AID0_HV1"
203,165,caa52372.1,96.36363636,"tr|A0A0B5LCR8|A0A0B5LCR8_HV1, tr|A0A0U4E7C1|A0A0U4E7C1_HV1, tr|A0A650F9Q8|A0A650F9Q8_HV1"
306,549,caa52372.1,96.35701275,"tr|A0A076V446|A0A076V446_HV1, tr|A0A076V905|A0A076V905_HV1, tr|A0A076V9M7|A0A076V9M7_HV1"
212,27,caa52372.1,96.2962963,"tr|B0FFZ1|B0FFZ1_HV1, tr|B0FFZ2|B0FFZ2_HV1, tr|B0FFZ3|B0FFZ3_HV1"
442,27,caa52372.1,96.2962963,"tr|A0A0B5GFA6|A0A0B5GFA6_HV1, tr|A0A0B5GM66|A0A0B5GM66_HV1, tr|A0A0B5GRP5|A0A0B5GRP5_HV1"
68,150,caa52904.1,96,"tr|A0A059P725|A0A059P725_9REOV, tr|A0A059P7D5|A0A059P7D5_9REOV, tr|A0A059P7F2|A0A059P7F2_9REOV"
109,25,aag07106.1,96,"tr|A0A1P8DFC5|A0A1P8DFC5_HV1, tr|A0A2S1D4I2|A0A2S1D4I2_HV1, tr|A0A2S1D4I7|A0A2S1D4I7_HV1"
457,24,caa52372.1,95.83333333,"tr|A0A0K1HC66|A0A0K1HC66_HV1, tr|A0A1L5K1I3|A0A1L5K1I3_HV1, tr|A0A2I6UAF6|A0A2I6UAF6_HV1"
473,135,caa52372.1,95.55555556,"tr|A0A068EYY2|A0A068EYY2_HV1, tr|A0A076U6G4|A0A076U6G4_HV1, tr|A0A076U8S2|A0A076U8S2_HV1"
57,22,caa52372.1,95.45454545,"tr|A0A024A6R8|A0A024A6R8_HPV82, tr|A0A0N7I6Z4|A0A0N7I6Z4_HPV51, tr|A0A0P0E4Q7|A0A0P0E4Q7_HPV51"
228,22,aaf36804.1,95.45454545,"tr|A0A4Y5G4D4|A0A4Y5G4D4_HV1, tr|A0A4Y5G4E3|A0A4Y5G4E3_HV1, tr|A0A4Y5G4E7|A0A4Y5G4E7_HV1"
309,22,aaf36804.1,95.45454545,"tr|A0A1D9J410|A0A1D9J410_HV1, tr|A0A410SU35|A0A410SU35_HV1, tr|A0A410SU38|A0A410SU38_HV1"
318,64,caa52372.1,95.3125,"tr|A0A0C5KLD4|A0A0C5KLD4_HV1, tr|A0A0K1H5Q1|A0A0K1H5Q1_HV1, tr|A0A0K2DNV0|A0A0K2DNV0_HV1"
143,6837,caa52372.1,95.26107942,"tr|A0A023HI34|A0A023HI34_HV1, tr|A0A023HIC4|A0A023HIC4_HV1, tr|A0A024AFZ4|A0A024AFZ4_HV1"
97,21,caa54269.1,95.23809524,"tr|A0A1U9ALK1|A0A1U9ALK1_ADE02, tr|A0A3G8W5J7|A0A3G8W5J7_ADE05, tr|A0A3Q9HK74|A0A3Q9HK74_9ADEN"
401,21,caa52372.1,95.23809524,"tr|A0A088LIB5|A0A088LIB5_HV1, tr|Q00E03|Q00E03_HV1, tr|Q00E04|Q00E04_HV1"
278,83,aaf36804.1,95.18072289,"tr|A0A0K1H9E4|A0A0K1H9E4_HV1, tr|A0A142D8V5|A0A142D8V5_HV1, tr|A0A142D8V8|A0A142D8V8_HV1"
362,62,caa52372.1,95.16129032,"tr|A0A0A0P4X1|A0A0A0P4X1_HV1, tr|A0A1L7DTR7|A0A1L7DTR7_HV1, tr|A0A1L7DTU0|A0A1L7DTU0_HV1"
238,40,caa52372.1,95,"tr|A0A3G5QC22|A0A3G5QC22_HV1, tr|A0A3G5QCD1|A0A3G5QCD1_HV1, tr|A0A3G5QCN8|A0A3G5QCN8_HV1"
403,38,caa52372.1,94.73684211,"tr|A0A075Q9I2|A0A075Q9I2_HV1, tr|A0A075QA74|A0A075QA74_HV1, tr|A0A075QD36|A0A075QD36_HV1"
433,35,caa52372.1,94.28571429,"tr|A0A076U8V0|A0A076U8V0_HV1, tr|A0A162K624|A0A162K624_HV1, tr|A0A2S1D3Z1|A0A2S1D3Z1_HV1"
451,70,caa52372.1,94.28571429,"tr|A0A075QA42|A0A075QA42_HV1, tr|A0A075QAX9|A0A075QAX9_HV1, tr|A0A075QCE2|A0A075QCE2_HV1"
249,34,bab35162.1,94.11764706,"tr|A0A0C2J3W8|A0A0C2J3W8_9PEZI, tr|A0A0F2MAT6|A0A0F2MAT6_SPOSC, tr|A0A0G2HNJ4|A0A0G2HNJ4_9EURO"
370,34,caa52372.1,94.11764706,"tr|A0A2S1DVQ5|A0A2S1DVQ5_HV1, tr|A0A2S1DVS1|A0A2S1DVS1_HV1, tr|A0A2S1DXV7|A0A2S1DXV7_HV1"
36,331,aaf36804.1,93.65558912,"tr|A0A0B5L5W3|A0A0B5L5W3_HV1, tr|A0A140ECN0|A0A140ECN0_HV1, tr|A0A140ECU5|A0A140ECU5_HV1"
391,30,caa52372.1,93.33333333,"tr|A0A1L7DYR6|A0A1L7DYR6_HV1, tr|A0A1L7DZ21|A0A1L7DZ21_HV1, tr|A0A1L7DZ63|A0A1L7DZ63_HV1"
349,74,caz48628.1,93.24324324,"tr|A0A068LHC5|A0A068LHC5_HV1, tr|A0A068LMN9|A0A068LMN9_HV1, tr|A0A410JFT0|A0A410JFT0_HV1"
252,44,caa52372.1,93.18181818,"tr|A0A3G5PU53|A0A3G5PU53_HV1, tr|A0A3G5PU70|A0A3G5PU70_HV1, tr|A0A3G5PUD5|A0A3G5PUD5_HV1"
289,44,caa52372.1,93.18181818,"tr|A0A0U4EGC1|A0A0U4EGC1_HV1, tr|A0A1V0G0L3|A0A1V0G0L3_HV1, tr|A0A1V0G0Q2|A0A1V0G0Q2_HV1"
234,29,caz48628.1,93.10344828,"tr|A0A6H0YWH2|A0A6H0YWH2_HV1, tr|A0A6H0YWN0|A0A6H0YWN0_HV1, tr|A0A6H0YWN7|A0A6H0YWN7_HV1"
213,27,caz48628.1,92.59259259,"tr|A0EUA2|A0EUA2_HV1, tr|D0EQ17|D0EQ17_HV1, tr|D0EQ33|D0EQ33_HV1"
450,40,caa52372.1,92.5,"tr|A0A075QDK4|A0A075QDK4_HV1, tr|A0A088LI74|A0A088LI74_HV1, tr|A0A088LVU4|A0A088LVU4_HV1"
158,106,caa52372.1,92.45283019,"tr|A0A0B5KZQ6|A0A0B5KZQ6_HV1, tr|A0A0B5LCF2|A0A0B5LCF2_HV1, tr|A0A0M4AGN5|A0A0M4AGN5_HV1"
219,53,caa52372.1,92.45283019,"tr|A0A887EU42|A0A887EU42_HV1, tr|A0A887EUA1|A0A887EUA1_HV1, tr|A0A887EUJ8|A0A887EUJ8_HV1"
419,53,caz48628.1,92.45283019,"tr|A0A0B5KCV9|A0A0B5KCV9_HV1, tr|A0A0B5KHF8|A0A0B5KHF8_HV1, tr|A0A0B5KHK1|A0A0B5KHK1_HV1"
192,77,acl82962.1,92.20779221,"tr|A0A024CA19|A0A024CA19_HPV16, tr|A0A024CAG1|A0A024CAG1_HPV16, tr|A0A024CAM6|A0A024CAM6_HPV16"
150,25,aaf36804.1,92,"tr|A0A6C0ZT73|A0A6C0ZT73_HV1, tr|A0A6C0ZTA3|A0A6C0ZTA3_HV1, tr|A0A6C0ZTE3|A0A6C0ZTE3_HV1"
215,25,caa52372.1,92,"tr|A0A3B3IRM6|A0A3B3IRM6_HUMAN, tr|H3BTH3|H3BTH3_HUMAN, tr|M1KQ65|M1KQ65_HV1"
282,25,aaf36804.1,92,"tr|A0A888VP11|A0A888VP11_HV1, tr|A0A888WBN5|A0A888WBN5_HV1, tr|A0A888WSR9|A0A888WSR9_HV1"
131,36,caa52372.1,91.66666667,"tr|A0A060KRX7|A0A060KRX7_HV1, tr|A0A060KS15|A0A060KS15_HV1, tr|A0A060KVH1|A0A060KVH1_HV1"
56,35,aaf36804.1,91.42857143,"tr|A0A887F6E3|A0A887F6E3_HV1, tr|A0A887FA37|A0A887FA37_HV1, tr|A0A887FA89|A0A887FA89_HV1"
399,35,caz48628.1,91.42857143,"tr|A0A0M4AGS0|A0A0M4AGS0_HV1, tr|A0A2U9Q4F1|A0A2U9Q4F1_HV1, tr|A0A4Y1NQL2|A0A4Y1NQL2_HV1"
400,22,caa52372.1,90.90909091,"tr|A0A0B5GLG5|A0A0B5GLG5_HV1, tr|A0A0B5GMK7|A0A0B5GMK7_HV1, tr|A0A142FIC8|A0A142FIC8_HV1"
41,109,caa52904.1,90.82568807,"tr|A0A024FBC6|A0A024FBC6_9REOV, tr|A0A024FBS2|A0A024FBS2_9REOV, tr|A0A075FFS6|A0A075FFS6_9REOV"
153,21,caa52372.1,90.47619048,"tr|A0A0X8IEM8|A0A0X8IEM8_9PLVG, tr|A0A0X8IEM9|A0A0X8IEM9_9PLVG, tr|A0A0X8IEP0|A0A0X8IEP0_9PLVG"
154,41,aaa65957.1,90.24390244,"tr|A0A075LXB5|A0A075LXB5_HPV52, tr|A0A075LXC1|A0A075LXC1_HPV52, tr|A0A075LXD4|A0A075LXD4_HPV52"
88,131,aaf36804.1,90.07633588,"tr|A0A076G1E9|A0A076G1E9_HPV16, tr|A0A076G292|A0A076G292_HPV16, tr|A0A076G3A1|A0A076G3A1_HPV16"
21,130,caa52372.1,90,"tr|A0A0K1H7M2|A0A0K1H7M2_HV1, tr|A0A3G5N349|A0A3G5N349_HV1, tr|A0A3G5N5J4|A0A3G5N5J4_HV1"
210,1495,caa52372.1,89.89966555,"tr|A0A023HIT0|A0A023HIT0_HV1, tr|A0A024AGK3|A0A024AGK3_HV1, tr|A0A059SQF8|A0A059SQF8_HV1"
341,59,caa52372.1,89.83050847,"tr|A0A075QK71|A0A075QK71_HV1, tr|A0A088LJG8|A0A088LJG8_HV1, tr|A0A088LJH7|A0A088LJH7_HV1"
118,39,caa52372.1,89.74358974,"tr|A0A1L4AMY2|A0A1L4AMY2_HV1, tr|A0A1S5RIX8|A0A1S5RIX8_HV1, tr|A0A1S5RJ63|A0A1S5RJ63_HV1"
323,39,apb03222.1,89.74358974,"tr|A0A0C2IUQ0|A0A0C2IUQ0_9PEZI, tr|A0A0F2MCZ3|A0A0F2MCZ3_SPOSC, tr|A0A0G2J235|A0A0G2J235_9EURO"
358,68,caa52372.1,89.70588235,"tr|A0A075Q9W7|A0A075Q9W7_HV1, tr|A0A1W6IF83|A0A1W6IF83_HV1, tr|A0A1W6IFU8|A0A1W6IFU8_HV1"
5,116,apb03222.1,89.65517241,"tr|D1J6X1|D1J6X1_HV1, tr|D2EBW0|D2EBW0_HV1, tr|D2EC24|D2EC24_HV1"
155,65,caa52372.1,89.23076923,"tr|A0A096ZYG6|A0A096ZYG6_HV1, tr|A0A887EWP6|A0A887EWP6_HV1, tr|A0A887EWQ5|A0A887EWQ5_HV1"
456,102,caa52372.1,89.21568627,"tr|A0A096ZYL3|A0A096ZYL3_HV1, tr|A0A0B4LB78|A0A0B4LB78_HV1, tr|A0A0B4LBB4|A0A0B4LBB4_HV1"
82,44,caa52904.1,88.63636364,"tr|A0A0A0R4C5|A0A0A0R4C5_9REOV, tr|A0A0A0R8S3|A0A0A0R8S3_9REOV, tr|A0A0P0CSW7|A0A0P0CSW7_9REOV"
54,35,wp_045475347.1,88.57142857,"tr|A0A0K1LYN5|A0A0K1LYN5_9PAPI, tr|A0A0K1LYT2|A0A0K1LYT2_9PAPI, tr|A0A0K1LZJ0|A0A0K1LZJ0_9PAPI"
58,34,caa52372.1,88.23529412,"tr|A0A0F7GG55|A0A0F7GG55_9PAPI, tr|A0A346TIC1|A0A346TIC1_9PAPI, tr|A0A7G2A3F9|A0A7G2A3F9_9PAPI"
345,42,caa52372.1,88.0952381,"tr|A0A0B5GB82|A0A0B5GB82_HV1, tr|A0A0B5GB87|A0A0B5GB87_HV1, tr|A0A0B5GB92|A0A0B5GB92_HV1"
372,218,caa52372.1,88.0733945,"tr|A0A075QA45|A0A075QA45_HV1, tr|A0A075QAI8|A0A075QAI8_HV1, tr|A0A075QCG0|A0A075QCG0_HV1"
244,90,aaf36804.1,87.77777778,"tr|A0A075QBS5|A0A075QBS5_HV1, tr|A0A088LMN7|A0A088LMN7_HV1, tr|A0A088LMP9|A0A088LMP9_HV1"
33,24,agc29882.1,87.5,"tr|A0A068S373|A0A068S373_9FUNG, tr|A0A0C2J1H0|A0A0C2J1H0_9PEZI, tr|A0A0F2M672|A0A0F2M672_SPOSC"
22,68,caa52372.1,86.76470588,"tr|A0A0B5GAK5|A0A0B5GAK5_HV1, tr|A0A0B5GAL2|A0A0B5GAL2_HV1, tr|A0A0B5GAN3|A0A0B5GAN3_HV1"
350,230,caz48628.1,86.52173913,"tr|A0A0H3V200|A0A0H3V200_HV1, tr|A0A0H3V227|A0A0H3V227_HV1, tr|A0A0H3V2I0|A0A0H3V2I0_HV1"
186,22,caa52904.1,86.36363636,"tr|A0A0N4VFJ3|A0A0N4VFJ3_ENTVE, tr|A0A1R4ACL0|A0A1R4ACL0_BABMR, tr|A0A2I3SHT9|A0A2I3SHT9_PANTR"
236,22,cab12108.2,86.36363636,"tr|A0A0A5QRU7|A0A0A5QRU7_9ENTR, tr|A0A0D6IAN8|A0A0D6IAN8_SALTM, tr|A0A0H3GY32|A0A0H3GY32_KLEPH"
120,51,caa52372.1,86.2745098,"tr|A0A4D6T8R2|A0A4D6T8R2_HV1, tr|A0A4D6TAC5|A0A4D6TAC5_HV1, tr|A0A4D6TAN4|A0A4D6TAN4_HV1"
216,29,aaf36804.1,86.20689655,"tr|H6D1P2|H6D1P2_HV1, tr|H6D1Q9|H6D1Q9_HV1, tr|H6D1R8|H6D1R8_HV1"
209,181,aaf36804.1,86.1878453,"tr|A0A0C5K9J6|A0A0C5K9J6_HV1, tr|A0A125RHW3|A0A125RHW3_HV1, tr|A0A1B3YUF8|A0A1B3YUF8_HV1"
233,57,caa52372.1,85.96491228,"tr|A0A088LIM5|A0A088LIM5_HV1, tr|A0A0C5K728|A0A0C5K728_HV1, tr|A0A0U3VMB1|A0A0U3VMB1_HV1"
108,42,aaf36804.1,85.71428571,"tr|A0A0B5LCD0|A0A0B5LCD0_HV1, tr|A0A0H4LK78|A0A0H4LK78_HV1, tr|A0A0U4EVP9|A0A0U4EVP9_HV1"
445,34,caa52372.1,85.29411765,"tr|A0A075QCN5|A0A075QCN5_HV1, tr|A0A075QCQ5|A0A075QCQ5_HV1, tr|A0A088LJG2|A0A088LJG2_HV1"
23,67,apb03222.1,85.07462687,"tr|A8E113|A8E113_HV1, tr|C3TW68|C3TW68_HV1, tr|C3TW70|C3TW70_HV1"
470,20,caa52372.1,85,"tr|A0A068LGJ6|A0A068LGJ6_HV1, tr|A0A068LHB8|A0A068LHB8_HV1, tr|A0A0E3VYD3|A0A0E3VYD3_HV1"
31,218,wp_045475347.1,84.86238532,"tr|A0A076G284|A0A076G284_HPV16, tr|A0A076G396|A0A076G396_HPV16, tr|A0A089N7R5|A0A089N7R5_HPV16"
185,39,acd56151.1,84.61538462,"tr|A0A0E3SUA6|A0A0E3SUA6_HPV17, tr|A0A1P8DVI7|A0A1P8DVI7_9PAPI, tr|A0A1Q1PPF3|A0A1Q1PPF3_9PAPI"
444,114,caa52372.1,84.21052632,"tr|A0A0G3Z7H1|A0A0G3Z7H1_HV1, tr|A0A0H4LVT0|A0A0H4LVT0_HV1, tr|A0A0M3U1R1|A0A0M3U1R1_HV1"
227,81,caa52372.1,83.95061728,"tr|A0A075QAG9|A0A075QAG9_HV1, tr|A0A088LMS1|A0A088LMS1_HV1, tr|A0A1B1P5D7|A0A1B1P5D7_HV1"
270,24,aac78336.1,83.33333333,"tr|A0A0C2J116|A0A0C2J116_9PEZI, tr|A0A0F2MF95|A0A0F2MF95_SPOSC, tr|A0A0G2HYU8|A0A0G2HYU8_9EURO"
474,1343,caa52372.1,83.09754281,"tr|A0A059SQF3|A0A059SQF3_HV1, tr|A0A060FG15|A0A060FG15_HV1, tr|A0A068EVD4|A0A068EVD4_HV1"
304,23,caa52372.1,82.60869565,"tr|A0A0B5L835|A0A0B5L835_HV1, tr|A0A0K1HAZ3|A0A0K1HAZ3_HV1, tr|A0A140ECL6|A0A140ECL6_HV1"
142,50,caa52372.1,82,"tr|A0A059NU35|A0A059NU35_9PAPI, tr|A0A0N7I701|A0A0N7I701_HPV54, tr|A0A0P0E4Z9|A0A0P0E4Z9_HPV54"
167,55,caz48628.1,81.81818182,"tr|A0A0H3TRB7|A0A0H3TRB7_9GAMR, tr|A0A0H3TRB8|A0A0H3TRB8_9GAMR, tr|A0A1S6KEN4|A0A1S6KEN4_9DELA"
416,22,caz48628.1,81.81818182,"tr|A0A192ZHK1|A0A192ZHK1_HV1, tr|A0A248X975|A0A248X975_HV1, tr|A0A248X983|A0A248X983_HV1"
443,22,caa52372.1,81.81818182,"tr|A0A0B5G9M7|A0A0B5G9M7_HV1, tr|A0A0K1RFX9|A0A0K1RFX9_HV1, tr|A0A1P8P059|A0A1P8P059_HV1"
357,27,caz48628.1,81.48148148,"tr|A0A0M4AUQ9|A0A0M4AUQ9_HV1, tr|A0A192ZHT3|A0A192ZHT3_HV1, tr|A0A192ZI09|A0A192ZI09_HV1"
427,54,caa52372.1,81.48148148,"tr|A0A0B5GBF2|A0A0B5GBF2_HV1, tr|A0A0B5GBF7|A0A0B5GBF7_HV1, tr|A0A0B5GBG4|A0A0B5GBG4_HV1"
263,26,caa52372.1,80.76923077,"tr|I7EQW5|I7EQW5_HV1, tr|I7EQZ2|I7EQZ2_HV1, tr|I7ER36|I7ER36_HV1"
53,72,aaf36804.1,80.55555556,"tr|A0A2I3SRP9|A0A2I3SRP9_PANTR, tr|A0A2I3TUX4|A0A2I3TUX4_PANTR, tr|A0A2R9CIH3|A0A2R9CIH3_PANPA"
103,41,aag07106.1,80.48780488,"tr|A0A0U3MWQ2|A0A0U3MWQ2_HV1, tr|A0A0U3VMU0|A0A0U3VMU0_HV1, tr|A0A0U4D300|A0A0U4D300_HV1"
415,30,caz48628.1,80,"tr|A0A076U8E7|A0A076U8E7_HV1, tr|A0A0E3ECV3|A0A0E3ECV3_HV1, tr|A0A142FIA1|A0A142FIA1_HV1"
431,35,caz48628.1,80,"tr|A0A0B5GBE8|A0A0B5GBE8_HV1, tr|A0A0B5GEQ4|A0A0B5GEQ4_HV1, tr|A0A0B5GEQ7|A0A0B5GEQ7_HV1"
354,59,caa52372.1,79.66101695,"tr|A0A087X1X7|A0A087X1X7_HUMAN, tr|A0A0C4DFT8|A0A0C4DFT8_HUMAN, tr|A0A0J9YWB6|A0A0J9YWB6_HUMAN"
125,29,aaf36804.1,79.31034483,"tr|A0A1D9J3M5|A0A1D9J3M5_HV1, tr|A0A1D9J3M6|A0A1D9J3M6_HV1, tr|A0A1D9J3P7|A0A1D9J3P7_HV1"
50,24,caa52372.1,79.16666667,"tr|A0A0P0E464|A0A0P0E464_HPV30, tr|A0A0P0F1A3|A0A0P0F1A3_HPV30, tr|A0A0P0F1C8|A0A0P0F1C8_HPV30"
441,24,caz48628.1,79.16666667,"tr|A0A142FII8|A0A142FII8_HV1, tr|A0A142FIJ0|A0A142FIJ0_HV1, tr|A0A161CGP1|A0A161CGP1_HV1"
176,52,aba71730.1,78.84615385,"tr|A0A1C9HKZ2|A0A1C9HKZ2_HV1, tr|A0A1C9HL02|A0A1C9HL02_HV1, tr|A0A1C9HL05|A0A1C9HL05_HV1"
133,33,caa52372.1,78.78787879,"tr|A0A7U0MQ57|A0A7U0MQ57_HV1, tr|B0FFZ8|B0FFZ8_HV1, tr|B0FFZ9|B0FFZ9_HV1"
277,47,aaf36804.1,78.72340426,"tr|A0A0K2GSH3|A0A0K2GSH3_HV1, tr|A0A2I6U2X7|A0A2I6U2X7_HV1, tr|A0A2I6U303|A0A2I6U303_HV1"
361,65,aaf36804.1,78.46153846,"tr|A0A286LGX2|A0A286LGX2_HV1, tr|A0A7L9QVL6|A0A7L9QVL6_HV1, tr|C8C9H7|C8C9H7_HV1"
194,83,caa52372.1,78.31325301,"tr|A0A346QTF9|A0A346QTF9_HV1, tr|A0A346QTG2|A0A346QTG2_HV1, tr|A0A346QTG3|A0A346QTG3_HV1"
301,23,aaf36804.1,78.26086957,"tr|A0A1L4AMI1|A0A1L4AMI1_HV1, tr|A0A3G2KT89|A0A3G2KT89_HV1, tr|A0A517EMT3|A0A517EMT3_HV1"
477,46,caz48628.1,78.26086957,"tr|A0A0K1RFT9|A0A0K1RFT9_HV1, tr|A0A142J5H3|A0A142J5H3_HV1, tr|A0A159CA77|A0A159CA77_HV1"
417,208,caa52372.1,77.40384615,"tr|A0A076V566|A0A076V566_HV1, tr|A0A0B5KV27|A0A0B5KV27_HV1, tr|A0A0H4D148|A0A0H4D148_HV1"
20,48,aaf36804.1,77.08333333,"tr|A0A075IKP1|A0A075IKP1_9ADEN, tr|A0A0B4SJ78|A0A0B4SJ78_9ADEN, tr|A0A0K0PWZ3|A0A0K0PWZ3_9ADEN"
440,126,caa52372.1,76.98412698,"tr|A0A075DME2|A0A075DME2_HV1, tr|A0A075QDU9|A0A075QDU9_HV1, tr|A0A075QEG0|A0A075QEG0_HV1"
46,73,caa52372.1,76.71232877,"tr|A0A159DSW5|A0A159DSW5_HPV40, tr|A0A1B2AHL9|A0A1B2AHL9_HPV53, tr|A0A1X9ZDV5|A0A1X9ZDV5_HPV18"
101,363,aaf36804.1,76.58402204,"tr|A0A0R5T202|A0A0R5T202_HV1, tr|A0A2L1KYH5|A0A2L1KYH5_HV1, tr|A0A3G5N0I4|A0A3G5N0I4_HV1"
214,34,caa52372.1,76.47058824,"tr|A0A2S1J4C0|A0A2S1J4C0_HV1, tr|A0A3G5MYV0|A0A3G5MYV0_HV1, tr|A0A3G5MZ69|A0A3G5MZ69_HV1"
139,46,caa52372.1,76.08695652,"tr|A0A142FI42|A0A142FI42_HV1, tr|A0A142FI45|A0A142FI45_HV1, tr|A0A142FI46|A0A142FI46_HV1"
104,49,caa52372.1,75.51020408,"tr|A0A0C5K9N3|A0A0C5K9N3_HV1, tr|A0A4Y5N9T4|A0A4Y5N9T4_HV1, tr|A0A4Y5NAX2|A0A4Y5NAX2_HV1"
48,44,caa52372.1,75,"tr|A0A140ED25|A0A140ED25_HV1, tr|A0A6C1AA13|A0A6C1AA13_HV1, tr|A0A6C1AA91|A0A6C1AA91_HV1"
218,68,caa52372.1,75,"tr|A0A076U9W4|A0A076U9W4_HV1, tr|A0A2I6U790|A0A2I6U790_HV1, tr|A0A2P1DPZ2|A0A2P1DPZ2_9PLVG"
369,64,caa52372.1,75,"tr|A0A075QD21|A0A075QD21_HV1, tr|A0A2S1E5Z8|A0A2S1E5Z8_HV1, tr|A0A2S1E6V9|A0A2S1E6V9_HV1"
0,75,caz48628.1,74.66666667,"tr|D2EBW1|D2EBW1_HV1, tr|D2EBW2|D2EBW2_HV1, tr|D2EBW3|D2EBW3_HV1"
447,31,caa52372.1,74.19354839,"tr|A0A0M4PLF2|A0A0M4PLF2_HV1, tr|A0A192ZHF8|A0A192ZHF8_HV1, tr|A0A1B1P6B2|A0A1B1P6B2_HV1"
426,122,caz48628.1,73.7704918,"tr|A0A075QJN0|A0A075QJN0_HV1, tr|A0A0B5GBN6|A0A0B5GBN6_HV1, tr|A0A0B5GBR2|A0A0B5GBR2_HV1"
475,217,caa52372.1,73.73271889,"tr|A0A076U6R0|A0A076U6R0_HV1, tr|A0A076U6Z7|A0A076U6Z7_HV1, tr|A0A076U8S6|A0A076U8S6_HV1"
367,125,aaf36804.1,73.6,"tr|A0A024AH02|A0A024AH02_HV1, tr|A0A059SQB4|A0A059SQB4_HV1, tr|A0A059SQE5|A0A059SQE5_HV1"
220,60,aag07106.1,73.33333333,"tr|A0A1L7E6A4|A0A1L7E6A4_HV1, tr|A0A286LH85|A0A286LH85_HV1, tr|A0A3G5MYS7|A0A3G5MYS7_HV1"
359,116,aac78336.1,73.27586207,"tr|A0A0U3VMN5|A0A0U3VMN5_HV1, tr|A0A0U4D2R2|A0A0U4D2R2_HV1, tr|A0A0U4DFA8|A0A0U4DFA8_HV1"
180,26,aaf36804.1,73.07692308,"tr|A0A248X997|A0A248X997_HV1, tr|A0A248X999|A0A248X999_HV1, tr|A0A248X9A3|A0A248X9A3_HV1"
251,99,caa52372.1,72.72727273,"tr|A0A088LJK5|A0A088LJK5_HV1, tr|A0A3G5PI46|A0A3G5PI46_HV1, tr|A0A3G5PJM8|A0A3G5PJM8_HV1"
422,118,caz48628.1,72.03389831,"tr|A0A075QA00|A0A075QA00_HV1, tr|A0A0E3EF92|A0A0E3EF92_HV1, tr|A0A0E3X924|A0A0E3X924_SIV"
360,50,caz48628.1,72,"tr|A0A248SM66|A0A248SM66_HV1, tr|A0A2I6U2S1|A0A2I6U2S1_HV1, tr|A0A2I6U2T1|A0A2I6U2T1_HV1"
149,39,aim40056.1,71.79487179,"tr|A0A094WFC2|A0A094WFC2_ALKAL, tr|A0A0G8G9Y4|A0A0G8G9Y4_9LACO, tr|A0A0P0N6T7|A0A0P0N6T7_STRAP"
460,415,caa52372.1,71.56626506,"tr|A0A076U6J1|A0A076U6J1_HV1, tr|A0A076U9Y0|A0A076U9Y0_HV1, tr|A0A076V6E6|A0A076V6E6_HV1"
274,35,caa52372.1,71.42857143,"tr|A0A0M3PN17|A0A0M3PN17_HV1, tr|A0A161CW77|A0A161CW77_HV1, tr|A0A221J2X5|A0A221J2X5_HV1"
291,52,caa52372.1,71.15384615,"tr|A0A075Q9W1|A0A075Q9W1_HV1, tr|A0A075QF07|A0A075QF07_HV1, tr|A0A0R6LHU3|A0A0R6LHU3_HV1"
335,52,bab35162.1,71.15384615,"tr|A0A0A0MRM9|A0A0A0MRM9_HUMAN, tr|A0A2I3S9A1|A0A2I3S9A1_PANTR, tr|A0A2R8Y7Y0|A0A2R8Y7Y0_HUMAN"
159,97,caa52372.1,71.13402062,"tr|A0A087WVY3|A0A087WVY3_HUMAN, tr|A0A087X2I1|A0A087X2I1_HUMAN, tr|A0A0B5GKP8|A0A0B5GKP8_HV1"
430,31,caz48628.1,70.96774194,"tr|A0A0B5GM07|A0A0B5GM07_HV1, tr|A0A192ZHW5|A0A192ZHW5_HV1, tr|A0A248XAX5|A0A248XAX5_HV1"
73,41,aaq63644.1,70.73170732,"tr|A0A1C9HKU9|A0A1C9HKU9_HV1, tr|A0A1C9HKV0|A0A1C9HKV0_HV1, tr|A0A1C9HKV2|A0A1C9HKV2_HV1"
134,41,caa52372.1,70.73170732,"tr|A0A248XAN6|A0A248XAN6_HV1, tr|A0A248XAQ0|A0A248XAQ0_HV1, tr|A0A248XAQ1|A0A248XAQ1_HV1"
124,51,bae83690.1,70.58823529,"tr|B3UES2|B3UES2_HV1, tr|B3UEZ6|B3UEZ6_HV1, tr|B8XCN0|B8XCN0_9MONO"
201,54,aaq63644.1,70.37037037,"tr|A0A060RNJ1|A0A060RNJ1_PLARE, tr|A0A060RPJ8|A0A060RPJ8_PLARE, tr|A0A060RTM2|A0A060RTM2_PLARE"
171,36,aaf36804.1,69.44444444,"tr|H6CVV8|H6CVV8_HV1, tr|H6CVZ1|H6CVZ1_HV1, tr|H6CW01|H6CW01_HV1"
189,72,caa52372.1,69.44444444,"tr|A0A0S3QMM9|A0A0S3QMM9_HV1, tr|A0A1P8DHM8|A0A1P8DHM8_HV1, tr|A0A221J1A5|A0A221J1A5_HV1"
271,29,caa52372.1,68.96551724,"tr|A0A286LH12|A0A286LH12_HV1, tr|A0A6M4F4V3|A0A6M4F4V3_HV1, tr|A0A6M4F511|A0A6M4F511_HV1"
338,38,caa52372.1,68.42105263,"tr|A0A3G5N7H3|A0A3G5N7H3_HV1, tr|A0A3G5N834|A0A3G5N834_HV1, tr|A0A3G5N888|A0A3G5N888_HV1"
175,44,aaq63644.1,68.18181818,"tr|A0A1C9HKK1|A0A1C9HKK1_HV1, tr|A0A1C9HKK5|A0A1C9HKK5_HV1, tr|A0A1C9HKK6|A0A1C9HKK6_HV1"
27,47,caa52904.1,68.08510638,"tr|A0A088MJM5|A0A088MJM5_9REOV, tr|A0A1C9HKJ9|A0A1C9HKJ9_HV1, tr|A0A1C9HKK0|A0A1C9HKK0_HV1"
377,47,caz48628.1,68.08510638,"tr|A0A0K1HBK0|A0A0K1HBK0_HV1, tr|A0A0K1HBM4|A0A0K1HBM4_HV1, tr|A0A0K1HBT8|A0A0K1HBT8_HV1"
25,53,cad91132.1,67.9245283,"tr|A0A0D6HI79|A0A0D6HI79_SALTM, tr|A0A0E1L7B6|A0A0E1L7B6_ECOLX, tr|A0A0H2WMC0|A0A0H2WMC0_SALPA"
151,28,caa52372.1,67.85714286,"tr|A0A248X8Z0|A0A248X8Z0_HV1, tr|A0A248X8Z5|A0A248X8Z5_HV1, tr|A0A248X8Z6|A0A248X8Z6_HV1"
366,28,caa52372.1,67.85714286,"tr|A0A075Q9H0|A0A075Q9H0_HV1, tr|A0A1V0CQG2|A0A1V0CQG2_HV1, tr|A0A3G2Y4H3|A0A3G2Y4H3_HV1"
382,31,aaf36804.1,67.74193548,"tr|A0A2S1DE06|A0A2S1DE06_HV1, tr|A0A2S1DE80|A0A2S1DE80_HV1, tr|A0A2S1DEV9|A0A2S1DEV9_HV1"
67,34,aia35096.1,67.64705882,"tr|A0A0A0MR02|A0A0A0MR02_HUMAN, tr|B0RJY1|B0RJY1_CHLTH, tr|B0RJY2|B0RJY2_CHLTH"
90,58,caa52372.1,67.24137931,"tr|A0A075Q924|A0A075Q924_HV1, tr|A0A075QBD0|A0A075QBD0_HV1, tr|A0A075QC23|A0A075QC23_HV1"
89,39,aaa65957.1,66.66666667,"tr|A9XFL4|A9XFL4_HPV45, tr|A9XFM2|A9XFM2_HPV45, tr|A9XFN8|A9XFN8_HPV45"
172,21,caz48628.1,66.66666667,"tr|A0A1L7DU09|A0A1L7DU09_HV1, tr|A0A1L7DU27|A0A1L7DU27_HV1, tr|A0A1L7DU74|A0A1L7DU74_HV1"
320,24,aaf36804.1,66.66666667,"tr|A0A0B5LCV7|A0A0B5LCV7_HV1, tr|A0A0K2DMG3|A0A0K2DMG3_HV1, tr|A0A142D9P4|A0A142D9P4_HV1"
81,41,apb03222.1,65.85365854,"tr|A0A0B4J1W3|A0A0B4J1W3_HUMAN, tr|A0A286X7B1|A0A286X7B1_CAVPO, tr|A0A2I3S3Y1|A0A2I3S3Y1_PANTR"
47,32,aaf36804.1,65.625,"tr|A0A410JCE2|A0A410JCE2_HV1, tr|A0A410JCI5|A0A410JCI5_HV1, tr|A0A410JCJ8|A0A410JCJ8_HV1"
49,23,aaf36804.1,65.2173913,"tr|A0A345DKI0|A0A345DKI0_HV1, tr|A0A6M3R9W3|A0A6M3R9W3_HPV35, tr|A0A6M3S236|A0A6M3S236_HPV35"
294,40,cag34233.2,65,"tr|A0A286XRU5|A0A286XRU5_CAVPO, tr|A0A2I3S2Y7|A0A2I3S2Y7_PANTR, tr|A0A2I3T7T4|A0A2I3T7T4_PANTR"
91,62,acl82962.1,64.51612903,"tr|A0A024CA14|A0A024CA14_HPV16, tr|A0A024CAF8|A0A024CAF8_HPV16, tr|A0A059VNE3|A0A059VNE3_HPV16"
262,53,aaf36804.1,64.1509434,"tr|A0A0C5K096|A0A0C5K096_HV1, tr|A0A0C5K754|A0A0C5K754_HV1, tr|A0A0H4D0V1|A0A0H4D0V1_HV1"
395,36,caz48628.1,63.88888889,"tr|A0A1B3YVA8|A0A1B3YVA8_HV1, tr|A0A1S5RJQ3|A0A1S5RJQ3_HV1, tr|A0A286RTV8|A0A286RTV8_HV1"
122,55,caz48628.1,63.63636364,"tr|A0A125S8S5|A0A125S8S5_EBVG, tr|A0A125S8S6|A0A125S8S6_EBVG, tr|A0A125S8S7|A0A125S8S7_EBVG"
113,74,caa52372.1,63.51351351,"tr|A0A059P771|A0A059P771_9REOV, tr|A0A059P774|A0A059P774_9REOV, tr|A0A059P7E3|A0A059P7E3_9REOV"
79,30,aac78336.1,63.33333333,"tr|A0A0A2VJK5|A0A0A2VJK5_PARBA, tr|A0A0G2I2A6|A0A0G2I2A6_9EURO, tr|A0A0J6FLG8|A0A0J6FLG8_COCPO"
344,30,agc29882.1,63.33333333,"tr|A0A4Y5G413|A0A4Y5G413_HV1, tr|A0A4Y5G418|A0A4Y5G418_HV1, tr|A0A4Y5G426|A0A4Y5G426_HV1"
438,163,caa52372.1,63.19018405,"tr|A0A0B5L6G9|A0A0B5L6G9_HV1, tr|A0A0H4LEP8|A0A0H4LEP8_HV1, tr|A0A0H4LHT3|A0A0H4LHT3_HV1"
352,27,caz48628.1,62.96296296,"tr|A0A6H0YX10|A0A6H0YX10_HV1, tr|A0A6H0YX35|A0A6H0YX35_HV1, tr|A0A6H0YXA5|A0A6H0YXA5_HV1"
188,35,aaf36804.1,62.85714286,"tr|A0A3G8G4Z4|A0A3G8G4Z4_HV1, tr|A0A3S7TTJ1|A0A3S7TTJ1_HV1, tr|M4NLH2|M4NLH2_HV1"
384,35,caz48628.1,62.85714286,"tr|A0A221J2S1|A0A221J2S1_HV1, tr|A0A248X907|A0A248X907_HV1, tr|A0A248X938|A0A248X938_HV1"
126,43,aba71730.1,62.79069767,"tr|A0A2I3RTK9|A0A2I3RTK9_PANTR, tr|A0A2I3SSZ2|A0A2I3SSZ2_PANTR, tr|A0A4W3GUC5|A0A4W3GUC5_CALMI"
190,43,caa52372.1,62.79069767,"tr|A0A887ET54|A0A887ET54_HV1, tr|A0A887ET60|A0A887ET60_HV1, tr|A0A887ETC0|A0A887ETC0_HV1"
55,40,aaa65957.1,62.5,"tr|A0A0N7I6S5|A0A0N7I6S5_HPV34, tr|A0A0P0E3K5|A0A0P0E3K5_HPV34, tr|A0A0P0EAE5|A0A0P0EAE5_HPV34"
170,74,aba71730.1,62.16216216,"tr|A0A1C9HL58|A0A1C9HL58_HV1, tr|A0A1C9HL61|A0A1C9HL61_HV1, tr|A0A1C9HL62|A0A1C9HL62_HV1"
64,71,aaf36804.1,61.97183099,"tr|A0A059P736|A0A059P736_9REOV, tr|A0A059P763|A0A059P763_9REOV, tr|A0A059P7T0|A0A059P7T0_9REOV"
308,34,aaf36804.1,61.76470588,"tr|A8JZ96|A8JZ96_HV1, tr|D5FTM7|D5FTM7_HV1, tr|I6QTQ8|I6QTQ8_HV1"
434,302,caa52372.1,61.58940397,"tr|A0A075Q9A1|A0A075Q9A1_HV1, tr|A0A075Q9A5|A0A075Q9A5_HV1, tr|A0A075Q9M6|A0A075Q9M6_HV1"
355,26,acr56004.1,61.53846154,"tr|A0A2I3S032|A0A2I3S032_PANTR, tr|A0A2R8Z9B3|A0A2R8Z9B3_PANPA, tr|A0A5F9DMT9|A0A5F9DMT9_RABIT"
381,26,aaf36804.1,61.53846154,"tr|A0A0B5GP36|A0A0B5GP36_HV1, tr|A0A2S1DGL0|A0A2S1DGL0_HV1, tr|A0A2S1DII3|A0A2S1DII3_HV1"
24,44,apb03222.1,61.36363636,"tr|A0A1B4WRK1|A0A1B4WRK1_SIV, tr|A0AA49K7K0|A0AA49K7K0_SIV, tr|B3CKG7|B3CKG7_SIV"
160,36,acl82962.1,61.11111111,"tr|A0A6M3S0C4|A0A6M3S0C4_HPV35, tr|A0A6M3S2D1|A0A6M3S2D1_HPV35, tr|A0A6M3S2N4|A0A6M3S2N4_HPV35"
410,23,aaf36804.1,60.86956522,"tr|A0A088LIX8|A0A088LIX8_HV1, tr|A0A192B2V4|A0A192B2V4_HV1, tr|A0A286NAI7|A0A286NAI7_HV1"
273,51,caa52372.1,60.78431373,"tr|A0A346QT62|A0A346QT62_HV1, tr|A0A346QT63|A0A346QT63_HV1, tr|A0A346QT67|A0A346QT67_HV1"
446,25,caa52372.1,60,"tr|A0A0B5L005|A0A0B5L005_HV1, tr|A0A0M5I5A4|A0A0M5I5A4_HV1, tr|A0A1S5RJ32|A0A1S5RJ32_HV1"
76,219,caa52372.1,59.8173516,"tr|A0A0K1H9M6|A0A0K1H9M6_HV1, tr|A0A1L7DSC3|A0A1L7DSC3_HV1, tr|A0A1L7DSH9|A0A1L7DSH9_HV1"
247,1855,caa52372.1,59.73045822,"tr|A0A059SQA4|A0A059SQA4_HV1, tr|A0A059SQB2|A0A059SQB2_HV1, tr|A0A059SQD1|A0A059SQD1_HV1"
12,54,aaa27459.1,59.25925926,"tr|A0A0H5BLI0|A0A0H5BLI0_HV1, tr|A0A0H5BM07|A0A0H5BM07_HV1, tr|A0A0H5BM17|A0A0H5BM17_HV1"
397,49,caa52372.1,59.18367347,"tr|A0A059SRT4|A0A059SRT4_HV1, tr|A0A0H4LDZ8|A0A0H4LDZ8_HV1, tr|A0A1B1P5S6|A0A1B1P5S6_HV1"
29,22,acl82962.1,59.09090909,"tr|A0A0N4VBR9|A0A0N4VBR9_ENTVE, tr|A0A0W4ZR90|A0A0W4ZR90_PNEJ7, tr|A0A286XT21|A0A286XT21_CAVPO"
229,1027,caa52372.1,58.42259007,"tr|A0A068B7N5|A0A068B7N5_HV1, tr|A0A075Q8X9|A0A075Q8X9_HV1, tr|A0A075Q8Y5|A0A075Q8Y5_HV1"
225,24,caa52372.1,58.33333333,"tr|A0A0B5GAZ4|A0A0B5GAZ4_HV1, tr|A0A0B5GEB8|A0A0B5GEB8_HV1, tr|A0A0B5GEF0|A0A0B5GEF0_HV1"
32,31,aaa65957.1,58.06451613,"tr|A0A0K2GNF6|A0A0K2GNF6_HPV18, tr|A0A0K2GNI2|A0A0K2GNI2_HPV18, tr|A0A0K2GNM0|A0A0K2GNM0_HPV18"
197,57,aaf36804.1,57.89473684,"tr|A0A0K1RFL4|A0A0K1RFL4_HV1, tr|A0A2I6U5E0|A0A2I6U5E0_HV1, tr|A0A2I6U5H4|A0A2I6U5H4_HV1"
343,7406,aaf36804.1,57.68295976,"tr|A0A059SQF1|A0A059SQF1_HV1, tr|A0A059WGJ7|A0A059WGJ7_HV1, tr|A0A059WGM0|A0A059WGM0_HV1"
478,66,caz48628.1,57.57575758,"tr|A0A0E4G0C6|A0A0E4G0C6_HV1, tr|A0A142FIG3|A0A142FIG3_HV1, tr|A0A142FIG4|A0A142FIG4_HV1"
239,94,caa52372.1,57.44680851,"tr|A0A3G5MYT3|A0A3G5MYT3_HV1, tr|A0A3G5MZD5|A0A3G5MZD5_HV1, tr|A0A3G5MZT8|A0A3G5MZT8_HV1"
45,42,caz48628.1,57.14285714,"tr|A0A0C2EL14|A0A0C2EL14_9PEZI, tr|A0A0F2M6Z6|A0A0F2M6Z6_SPOSC, tr|A0A0F2MKS2|A0A0F2MKS2_SPOSC"
333,21,aaf36804.1,57.14285714,"tr|A0A142D9Q5|A0A142D9Q5_HV1, tr|A0A142D9Q7|A0A142D9Q7_HV1, tr|A0A142D9R0|A0A142D9R0_HV1"
393,21,caa52372.1,57.14285714,"tr|I6Z016|I6Z016_HV1, tr|L7TCM4|L7TCM4_HV1, tr|L7TCP9|L7TCP9_HV1"
187,51,aim40056.1,56.8627451,"tr|A0A0N4V8G6|A0A0N4V8G6_ENTVE, tr|A0A0W4ZFU8|A0A0W4ZFU8_PNEJ7, tr|A0A286Y309|A0A286Y309_CAVPO"
191,39,acl82962.1,56.41025641,"tr|A0A0M4AZY2|A0A0M4AZY2_HPV16, tr|A0A0S2E831|A0A0S2E831_HPV16, tr|A0A0U3IDX2|A0A0U3IDX2_HPV16"
420,32,caa52372.1,56.25,"tr|A0A088LII2|A0A088LII2_HV1, tr|A0A248SM57|A0A248SM57_HV1, tr|A0A6C1ADL3|A0A6C1ADL3_HV1"
96,43,acl82962.1,55.81395349,"tr|A0A0G2YFL3|A0A0G2YFL3_HPV16, tr|A0A0G2YN33|A0A0G2YN33_HPV16, tr|A0A161H8N4|A0A161H8N4_9PAPI"
224,36,caa52372.1,55.55555556,"tr|A0A0B5GBV9|A0A0B5GBV9_HV1, tr|A0A0B5GBX4|A0A0B5GBX4_HV1, tr|A0A0B5GBX9|A0A0B5GBX9_HV1"
51,31,acl82962.1,54.83870968,"tr|A0A088S6C6|A0A088S6C6_HPV33, tr|A0A159DR32|A0A159DR32_HPV33, tr|A0A159DWJ9|A0A159DWJ9_HPV33"
75,33,aaf36804.1,54.54545455,"tr|A0A4D6T8G2|A0A4D6T8G2_HV1, tr|A0A4D6T8L4|A0A4D6T8L4_HV1, tr|A0A4D6T8M1|A0A4D6T8M1_HV1"
207,22,aaf36804.1,54.54545455,"tr|A0A410T2W4|A0A410T2W4_HV1, tr|A0A410T309|A0A410T309_HV1, tr|A0A410T320|A0A410T320_HV1"
476,46,caa52372.1,54.34782609,"tr|A0A068LHB0|A0A068LHB0_HV1, tr|A0A068LJ04|A0A068LJ04_HV1, tr|A0A068LJ06|A0A068LJ06_HV1"
408,35,caa52372.1,54.28571429,"tr|A0A0M3PN51|A0A0M3PN51_HV1, tr|A0A0M4PYW7|A0A0M4PYW7_HV1, tr|A0A2I6U8J0|A0A2I6U8J0_HV1"
128,48,caa52372.1,54.16666667,"tr|A0A0A1EU28|A0A0A1EU28_9ADEN, tr|A0A0A1EU43|A0A0A1EU43_9ADEN, tr|A0A0A1EU59|A0A0A1EU59_9ADEN"
217,24,apb03222.1,54.16666667,"tr|C3TWI0|C3TWI0_HV1, tr|C3TWI1|C3TWI1_HV1, tr|C3TWI2|C3TWI2_HV1"
284,1491,aaf36804.1,54.12474849,"tr|A0A023HI17|A0A023HI17_HV1, tr|A0A023HIP3|A0A023HIP3_HV1, tr|A0A059VFH9|A0A059VFH9_HV1"
59,65,wp_045475347.1,53.84615385,"tr|A0A076G1E4|A0A076G1E4_HPV16, tr|A0A076G286|A0A076G286_HPV16, tr|A0A0D5CS67|A0A0D5CS67_HPV16"
423,28,caz48628.1,53.57142857,"tr|A0A0B5GLW0|A0A0B5GLW0_HV1, tr|A0A0B5GN83|A0A0B5GN83_HV1, tr|A0A0B5GQM2|A0A0B5GQM2_HV1"
245,45,caz48628.1,53.33333333,"tr|A0A221IXB5|A0A221IXB5_HV1, tr|A0A221J2D5|A0A221J2D5_HV1, tr|A0A221J2F2|A0A221J2F2_HV1"
196,32,caz48628.1,53.125,"tr|A0A192ZGW6|A0A192ZGW6_HV1, tr|A0A192ZGX0|A0A192ZGX0_HV1, tr|A0A192ZH93|A0A192ZH93_HV1"
2,65,caa52372.1,52.30769231,"tr|A0A060F4I5|A0A060F4I5_HV1, tr|A0A060F4J0|A0A060F4J0_HV1, tr|A0A060F4J5|A0A060F4J5_HV1"
458,92,aaf36804.1,52.17391304,"tr|A0A068LGL9|A0A068LGL9_HV1, tr|A0A068LJ27|A0A068LJ27_HV1, tr|A0A076UDF3|A0A076UDF3_HV1"
43,31,aaf36804.1,51.61290323,"tr|A0A6H0JSS4|A0A6H0JSS4_HV1, tr|A0A6H0JSZ9|A0A6H0JSZ9_HV1, tr|A0A6H0JT04|A0A6H0JT04_HV1"
448,84,caa52372.1,51.19047619,"tr|A0A075QEM0|A0A075QEM0_HV1, tr|A0A0K1HB27|A0A0K1HB27_HV1, tr|A0A0K1HB65|A0A0K1HB65_HV1"
376,47,caz48628.1,51.06382979,"tr|A0A060KRY6|A0A060KRY6_HV1, tr|A0A060KUX3|A0A060KUX3_HV1, tr|A0A060KVF4|A0A060KVF4_HV1"
364,63,aan28945.1,50.79365079,"tr|A0A087WZN1|A0A087WZN1_HUMAN, tr|A0A087X2E5|A0A087X2E5_HUMAN, tr|A0A0A0MT83|A0A0A0MT83_HUMAN"
179,105,aaq63644.1,50.47619048,"tr|A0A2P1I0E8|A0A2P1I0E8_HPV16, tr|A0A2P1IBC5|A0A2P1IBC5_HPV16, tr|A0A6M3S056|A0A6M3S056_HPV35"
28,26,caa52372.1,50,"tr|A0A7L9QMU6|A0A7L9QMU6_HV1, tr|A0A7L9QMZ4|A0A7L9QMZ4_HV1, tr|A0A7L9QN34|A0A7L9QN34_HV1"
78,46,adm92605.1,50,"tr|A0A2R8ZH20|A0A2R8ZH20_PANPA, tr|A0A2R9CD27|A0A2R9CD27_PANPA, tr|A0A4W3HEJ1|A0A4W3HEJ1_CALMI"
226,30,qif88262.1,50,"tr|A0A0R4IR92|A0A0R4IR92_DANRE, tr|A0A286XH07|A0A286XH07_CAVPO, tr|A0A2I3T6A8|A0A2I3T6A8_PANTR"
254,32,caa52372.1,50,"tr|A0A346QT73|A0A346QT73_HV1, tr|A0A346QT74|A0A346QT74_HV1, tr|A0A346QT87|A0A346QT87_HV1"
347,22,caa52372.1,50,"tr|A0A7L9QQF4|A0A7L9QQF4_HV1, tr|A0A7L9QQF8|A0A7L9QQF8_HV1, tr|A0A7L9QQK0|A0A7L9QQK0_HV1"
418,34,caz48628.1,50,"tr|A0A0B5KDX1|A0A0B5KDX1_HV1, tr|A0A0B5KJB0|A0A0B5KJB0_HV1, tr|A0A0B5KJE2|A0A0B5KJE2_HV1"
13,163,aaa27459.1,49.69325153,"tr|A0A0H5BLG7|A0A0H5BLG7_HV1, tr|A0A0H5BLK0|A0A0H5BLK0_HV1, tr|A0A0H5BLR8|A0A0H5BLR8_HV1"
240,65,agv10818.1,49.23076923,"tr|A0A024QZP7|A0A024QZP7_HUMAN, tr|A0A024R4B2|A0A024R4B2_HUMAN, tr|A0A0C2IWF6|A0A0C2IWF6_9PEZI"
211,43,cab60001.1,48.8372093,"tr|A0A0B4J1Z1|A0A0B4J1Z1_HUMAN, tr|A0A286Y3L3|A0A286Y3L3_CAVPO, tr|A0A2I3S0Z1|A0A2I3S0Z1_PANTR"
17,41,aaf36804.1,48.7804878,"tr|A0A4Y5G3M9|A0A4Y5G3M9_HV1, tr|A0A4Y5G3N0|A0A4Y5G3N0_HV1, tr|A0A4Y5G3N1|A0A4Y5G3N1_HV1"
413,60,aaf36804.1,48.33333333,"tr|A0A088LN15|A0A088LN15_HV1, tr|A0A1L4AMS5|A0A1L4AMS5_HV1, tr|A0A1L4AMT5|A0A1L4AMT5_HV1"
87,29,bae83690.1,48.27586207,"tr|A0A068S4V9|A0A068S4V9_9FUNG, tr|A0A0C2IS98|A0A0C2IS98_9PEZI, tr|A0A0F2LYN0|A0A0F2LYN0_SPOSC"
321,67,apb03222.1,47.76119403,"tr|A0A087WWP4|A0A087WWP4_HUMAN, tr|A0A087X1W1|A0A087X1W1_HUMAN, tr|A0A0A0MRN0|A0A0A0MRN0_HUMAN"
37,21,bae77933.1,47.61904762,"tr|A0A140T9D0|A0A140T9D0_HUMAN, tr|A0A2I3SMX6|A0A2I3SMX6_PANTR, tr|A0A2R9AVR9|A0A2R9AVR9_PANPA"
65,21,caa40897.1,47.61904762,"tr|A0A2R9BPG8|A0A2R9BPG8_PANPA, tr|A0A2R9BUR3|A0A2R9BUR3_PANPA, tr|A0A4W3JLP8|A0A4W3JLP8_CALMI"
269,42,bab35162.1,47.61904762,"tr|A0A0D9SFE5|A0A0D9SFE5_HUMAN, tr|A0A0D9SFY5|A0A0D9SFY5_HUMAN, tr|A0A0R4IMS4|A0A0R4IMS4_DANRE"
429,61,aaf36804.1,47.54098361,"tr|A0A0B5GBS0|A0A0B5GBS0_HV1, tr|A0A0B5GBS5|A0A0B5GBS5_HV1, tr|A0A0B5GBS9|A0A0B5GBS9_HV1"
99,40,caa52372.1,47.5,"tr|A0A410JEJ4|A0A410JEJ4_HV1, tr|A0A410JEL5|A0A410JEL5_HV1, tr|A0A410JEL6|A0A410JEL6_HV1"
77,59,aaf36804.1,47.45762712,"tr|A0A075LXE0|A0A075LXE0_HPV52, tr|A0A075LYA7|A0A075LYA7_HPV52, tr|A0A075LYB3|A0A075LYB3_HPV52"
121,36,aaf36804.1,47.22222222,"tr|A0A0M4AMB2|A0A0M4AMB2_HV1, tr|A0A142D9A2|A0A142D9A2_HV1, tr|A0A142D9A3|A0A142D9A3_HV1"
144,36,cai99385.1,47.22222222,"tr|A0A0R5RJC3|A0A0R5RJC3_SCHMA, tr|A0A286XW41|A0A286XW41_CAVPO, tr|A0A2I3TAC7|A0A2I3TAC7_PANTR"
202,237,agc29882.1,46.83544304,"tr|A0A075Q8W0|A0A075Q8W0_HV1, tr|A0A075Q975|A0A075Q975_HV1, tr|A0A075Q985|A0A075Q985_HV1"
279,45,caa52372.1,46.66666667,"tr|A0A345DK84|A0A345DK84_HV1, tr|A0A345DK87|A0A345DK87_HV1, tr|A0A650F857|A0A650F857_HV1"
471,60,aaf36804.1,46.66666667,"tr|A0A096ZYP3|A0A096ZYP3_HV1, tr|A0A159CA11|A0A159CA11_HV1, tr|A0A2I6U3I1|A0A2I6U3I1_HV1"
168,39,caa52372.1,46.15384615,"tr|A0A024A7B6|A0A024A7B6_HPV82, tr|A0A0P0E4T9|A0A0P0E4T9_HPV51, tr|A0A0P0E4W3|A0A0P0E4W3_HPV51"
428,117,caz48628.1,46.15384615,"tr|A0A0B5GBM9|A0A0B5GBM9_HV1, tr|A0A0B5GEG5|A0A0B5GEG5_HV1, tr|A0A0B5GEH1|A0A0B5GEH1_HV1"
145,22,aaf36804.1,45.45454545,"tr|A0A410SVY3|A0A410SVY3_HV1, tr|A0A410SW40|A0A410SW40_HV1, tr|A0A410SW41|A0A410SW41_HV1"
174,77,acl82962.1,45.45454545,"tr|A0A2P1HB02|A0A2P1HB02_HPV16, tr|A0A2P1HB15|A0A2P1HB15_HPV16, tr|A0A2P1HBA8|A0A2P1HBA8_HPV16"
425,22,caz48628.1,45.45454545,"tr|A0A142FIG8|A0A142FIG8_HV1, tr|A0A248X920|A0A248X920_HV1, tr|A0A248X934|A0A248X934_HV1"
6,42,caa52372.1,45.23809524,"tr|A0A159DWG2|A0A159DWG2_HPV16, tr|A0A2P1HJR6|A0A2P1HJR6_HPV16, tr|A0A2P1HME9|A0A2P1HME9_HPV16"
94,64,caa52372.1,43.75,"tr|A0A0J9YWI0|A0A0J9YWI0_HUMAN, tr|A0A0K1HC12|A0A0K1HC12_HV1, tr|A0A0K1HC79|A0A0K1HC79_HV1"
164,51,caa54273.1,43.1372549,"tr|A0A1Z1G733|A0A1Z1G733_HPV20, tr|A0A385PI35|A0A385PI35_9PAPI, tr|A0A385PIG3|A0A385PIG3_9PAPI"
4,87,caa26428.1,42.52873563,"tr|A0A0H5BLF9|A0A0H5BLF9_HV1, tr|A0A0H5BLJ3|A0A0H5BLJ3_HV1, tr|A0A0H5BLN3|A0A0H5BLN3_HV1"
169,41,aaf36804.1,41.46341463,"tr|A0A060ILN5|A0A060ILN5_ADE41, tr|A0A142G3J3|A0A142G3J3_ADE40, tr|A0A1S6ELQ3|A0A1S6ELQ3_ADE41"
156,29,aaf36804.1,41.37931034,"tr|A0A0B5GB35|A0A0B5GB35_HV1, tr|A0A0B5GB40|A0A0B5GB40_HV1, tr|A0A0B5GB44|A0A0B5GB44_HV1"
412,29,caa52372.1,41.37931034,"tr|A0A2I6UAR8|A0A2I6UAR8_HV1, tr|A0A2K8GIA3|A0A2K8GIA3_HV1, tr|A0A6H0JTB9|A0A6H0JTB9_HV1"
161,63,caa54269.1,41.26984127,"tr|A0A075FDL6|A0A075FDL6_9ADEN, tr|A0A1C8EHQ5|A0A1C8EHQ5_9ADEN, tr|A0A1L7NRH8|A0A1L7NRH8_9ADEN"
116,30,cad55718.1,40,"tr|A0A0D9SF53|A0A0D9SF53_HUMAN, tr|A0A0D9SFB3|A0A0D9SFB3_HUMAN, tr|A0A0D9SG12|A0A0D9SG12_HUMAN"
295,26,caa52372.1,38.46153846,"tr|A0A087WT67|A0A087WT67_HUMAN, tr|A0A0G2KXF2|A0A0G2KXF2_DANRE, tr|A0A0R5RJE0|A0A0R5RJE0_SCHMA"
93,42,caz48628.1,38.0952381,"tr|A0A024R0H7|A0A024R0H7_HUMAN, tr|A0A2I3T394|A0A2I3T394_PANTR, tr|A0A2R9BQB4|A0A2R9BQB4_PANPA"
100,21,aag07106.1,38.0952381,"tr|A0A6H0JUJ3|A0A6H0JUJ3_HV1, tr|A0A6H0JUK3|A0A6H0JUK3_HV1, tr|A0A6H0JUN8|A0A6H0JUN8_HV1"
61,72,apb03217.1,37.5,"tr|A0A060RVR5|A0A060RVR5_PLARE, tr|A0A068RJA7|A0A068RJA7_9FUNG, tr|A0A0K3AQZ5|A0A0K3AQZ5_BABMR"
3,497,caa52372.1,36.82092555,"tr|A0A059VLM4|A0A059VLM4_HV1, tr|A0A076V423|A0A076V423_HV1, tr|A0A076V4D2|A0A076V4D2_HV1"
166,55,caa83855.1,36.36363636,"tr|A0A024FCB2|A0A024FCB2_9PAPI, tr|A0A059UBD9|A0A059UBD9_HPV72, tr|A0A0N7I6W6|A0A0N7I6W6_HPV61"
280,25,caa40897.1,36,"tr|A0A2I3SV92|A0A2I3SV92_PANTR, tr|A0A2R8ZCF8|A0A2R8ZCF8_PANPA, tr|A0A2R9ACE0|A0A2R9ACE0_PANPA"
346,25,acl82962.1,36,"tr|A0A0C2FIZ8|A0A0C2FIZ8_9PEZI, tr|A0A0R4ICN7|A0A0R4ICN7_DANRE, tr|A0A0R4ING6|A0A0R4ING6_DANRE"
329,64,bae83690.1,35.9375,"tr|A0A286XMI9|A0A286XMI9_CAVPO, tr|A0A286XUT0|A0A286XUT0_CAVPO, tr|A0A2I3RF70|A0A2I3RF70_PANTR"
92,52,aaq63644.1,34.61538462,"tr|A0A060RP84|A0A060RP84_PLARE, tr|A0A0N4UXS7|A0A0N4UXS7_ENTVE, tr|A0A0W4ZUG2|A0A0W4ZUG2_PNEJ7"
353,186,caa52372.1,34.40860215,"tr|A0A087WTI6|A0A087WTI6_HUMAN, tr|A0A087WUF3|A0A087WUF3_HUMAN, tr|A0A087X183|A0A087X183_HUMAN"
331,32,bab35162.1,34.375,"tr|A0A075B7C0|A0A075B7C0_HUMAN, tr|A0A0D9SFH4|A0A0D9SFH4_HUMAN, tr|A0A8H4GKG3|A0A8H4GKG3_9EURO"
389,25,qcq47774.1,32,"tr|A0A0A0MTN0|A0A0A0MTN0_HUMAN, tr|A0A0D9SET6|A0A0D9SET6_HUMAN, tr|A0A0J9YWE8|A0A0J9YWE8_HUMAN"
235,29,apb03216.1,31.03448276,"tr|F8VXU5|F8VXU5_HUMAN, tr|G3V3M6|G3V3M6_HUMAN, tr|G3V5Q1|G3V5Q1_HUMAN"
330,29,aim40056.1,31.03448276,"tr|A0A0N4UST9|A0A0N4UST9_ENTVE, tr|A0A0W4ZU41|A0A0W4ZU41_PNEJ7, tr|A0A286XYX2|A0A286XYX2_CAVPO"
30,43,caa52372.1,30.23255814,"tr|A0A1U9X7S4|A0A1U9X7S4_HUMAN, tr|A0A286X794|A0A286X794_CAVPO, tr|A0A286XMP9|A0A286XMP9_CAVPO"
184,50,aac78336.1,30,"tr|A0A068RN46|A0A068RN46_9FUNG, tr|A0A0C2J615|A0A0C2J615_9PEZI, tr|A0A0F2MEV4|A0A0F2MEV4_SPOSC"
183,48,aaf36804.1,29.16666667,"tr|A0A0A0MT12|A0A0A0MT12_HUMAN, tr|A0A0G2JJL7|A0A0G2JJL7_HUMAN, tr|A0A6C0ZRJ3|A0A6C0ZRJ3_HV1"
298,28,apb03222.1,28.57142857,"tr|A0A068RRW5|A0A068RRW5_9FUNG, tr|A0A0F2M451|A0A0F2M451_SPOSC, tr|A0A0G2J0R0|A0A0G2J0R0_9EURO"
221,43,aaf36804.1,27.90697674,"sp|A0A1Z0YU59|MAMB1_DENAN, sp|A0A4Y5X1A7|CESS3_CONMO, tr|B8A4C9|B8A4C9_DANRE"
312,192,aao82019.1,27.60416667,"tr|A0A0R5E2L5|A0A0R5E2L5_HCMV, tr|A0A286XM78|A0A286XM78_CAVPO, tr|A0A2I3RIG2|A0A2I3RIG2_PANTR"
173,40,aaa65957.1,27.5,"tr|A0A159DSH4|A0A159DSH4_HPV73, tr|A0A159DZF7|A0A159DZF7_HPV16, tr|A0A2P1HBL4|A0A2P1HBL4_HPV16"
119,23,aba71730.1,26.08695652,"tr|A0A0C2IC03|A0A0C2IC03_9PEZI, tr|A0A0F2M4K4|A0A0F2M4K4_SPOSC, tr|A0A0G2JB87|A0A0G2JB87_9EURO"
165,417,aaf36804.1,25.89928058,"tr|A0A077D642|A0A077D642_9PAPI, tr|A0A087WTT6|A0A087WTT6_HUMAN, tr|A0A088FLI4|A0A088FLI4_9PAPI"
60,58,caa52372.1,25.86206897,"tr|A0A087WT20|A0A087WT20_HUMAN, tr|A0A0N4V2P3|A0A0N4V2P3_ENTVE, tr|A0A1D1UXW2|A0A1D1UXW2_RAMVA"
253,97,apb03222.1,25.77319588,"tr|A0A068SD33|A0A068SD33_9FUNG, tr|A0A087WUI2|A0A087WUI2_HUMAN, tr|A0A087WUK2|A0A087WUK2_HUMAN"
288,70,aac78336.1,25.71428571,"tr|A0A087WW66|A0A087WW66_HUMAN, tr|A0A0C4DG06|A0A0C4DG06_HUMAN, tr|A0A0N4VI68|A0A0N4VI68_ENTVE"
72,86,aar29485.1,25.58139535,"tr|A0A060RNS9|A0A060RNS9_PLARE, tr|A0A068RJR2|A0A068RJR2_9FUNG, tr|A0A0C2IS80|A0A0C2IS80_9PEZI"
199,29,caa52372.1,24.13793103,"tr|A0A286X849|A0A286X849_CAVPO, tr|A0A286XZG9|A0A286XZG9_CAVPO, tr|A0A2I3S9N6|A0A2I3S9N6_PANTR"
230,44,caa40897.1,22.72727273,"tr|A0A141AXF0|A0A141AXF0_HUMAN, tr|A0A141AXF1|A0A141AXF1_HUMAN, tr|A0A141AXF3|A0A141AXF3_HUMAN"
241,31,aar29485.1,22.58064516,"tr|A0A2R8YD28|A0A2R8YD28_HUMAN, tr|F1QM17|F1QM17_DANRE, tr|G3V4T8|G3V4T8_HUMAN"
348,24,aac78336.1,20.83333333,"tr|A0A087X1Q1|A0A087X1Q1_HUMAN, tr|A0A3B3ISD5|A0A3B3ISD5_HUMAN, tr|A0A3B3IT19|A0A3B3IT19_HUMAN"
337,113,caa50581.1,20.3539823,"tr|A0A075B6E2|A0A075B6E2_HUMAN, tr|A0A087WWE7|A0A087WWE7_HUMAN, tr|A0A0W4ZHI1|A0A0W4ZHI1_PNEJ7"
390,72,wp_045475347.1,18.05555556,"tr|A0A087WVB9|A0A087WVB9_HUMAN, tr|A0A0G2JHI2|A0A0G2JHI2_HUMAN, sp|A0A0K8RJV9|IRS4_IXORI"
388,71,wp_045475347.1,16.90140845,"tr|A0A068RG20|A0A068RG20_9FUNG, tr|A0A0A6YY92|A0A0A6YY92_HUMAN, tr|A0A0G2JLD8|A0A0G2JLD8_HUMAN"
332,117,wp_045475347.1,14.52991453,"tr|A0A0A0MSI0|A0A0A0MSI0_HUMAN, tr|A0A286XKT4|A0A286XKT4_CAVPO, tr|A0A286Y4L6|A0A286Y4L6_CAVPO"
307,38,caa50581.1,13.15789474,"tr|A0A087WZ71|A0A087WZ71_HUMAN, tr|A0A087X2G1|A0A087X2G1_HUMAN, tr|A0A2R8Y6W8|A0A2R8Y6W8_HUMAN"
363,23,cag34233.2,13.04347826,"tr|A0A0J9YXP8|A0A0J9YXP8_HUMAN, tr|A0A0J9YYH3|A0A0J9YYH3_HUMAN, tr|A0A2R8Y879|A0A2R8Y879_HUMAN"
8,24,caa52372.1,12.5,"tr|A0A0C4DGU5|A0A0C4DGU5_HUMAN, tr|A0A2R9AS24|A0A2R9AS24_PANPA, tr|C0KTR6|C0KTR6_AOTNA"
387,207,qcq47774.1,9.661835749,"tr|A0A024RA52|A0A024RA52_HUMAN, tr|A0A087WTN6|A0A087WTN6_HUMAN, tr|A0A087WXQ8|A0A087WXQ8_HUMAN"
